"Diocese","public","bishop_pub"
"Albany",1983,1
"Albany",1998,1
"Albany",1999,1
"Albany",2001,1
"Albany",2002,10
"Albany",2003,14
"Albany",2004,11
"Albany",2005,1
"Albany",2006,1
"Albany",2007,2
"Albany",2008,1
"Albany",2009,2
"Albany",2010,2
"Albany",2011,1
"Albany",2012,1
"Albany",2013,1
"Albany",2014,3
"Albany",2018,13
"Albany",2019,11
"Alexandria",1970,1
"Alexandria",1976,1
"Alexandria",2002,2
"Alexandria",2005,1
"Alexandria",2006,1
"Alexandria",2013,1
"Alexandria",2019,21
"Allentown",1966,1
"Allentown",1968,1
"Allentown",1981,1
"Allentown",1987,1
"Allentown",1991,2
"Allentown",1995,1
"Allentown",1996,1
"Allentown",1997,2
"Allentown",2002,3
"Allentown",2004,10
"Allentown",2009,2
"Allentown",2010,4
"Allentown",2013,2
"Allentown",2016,2
"Allentown",2018,17
"Allentown",2019,1
"Allentown",2020,1
"Altoona-Johnstown",1988,1
"Altoona-Johnstown",1993,1
"Altoona-Johnstown",1999,1
"Altoona-Johnstown",2002,9
"Altoona-Johnstown",2003,10
"Altoona-Johnstown",2005,1
"Altoona-Johnstown",2012,1
"Altoona-Johnstown",2013,1
"Altoona-Johnstown",2014,1
"Altoona-Johnstown",2015,1
"Altoona-Johnstown",2016,15
"Altoona-Johnstown",2017,1
"Altoona-Johnstown",2019,4
"Amarillo",1992,1
"Amarillo",1999,1
"Amarillo",2002,5
"Amarillo",2019,19
"Anchorage",2003,2
"Anchorage",2004,1
"Anchorage",2005,1
"Anchorage",2011,1
"Arlington",1992,1
"Arlington",1994,1
"Arlington",1997,1
"Arlington",2005,1
"Arlington",2006,2
"Arlington",2012,1
"Arlington",2017,1
"Arlington",2018,3
"Arlington",2019,5
"Atlanta",1989,1
"Atlanta",1993,1
"Atlanta",1995,1
"Atlanta",2002,1
"Atlanta",2003,1
"Atlanta",2005,1
"Atlanta",2006,1
"Atlanta",2018,8
"Austin",2002,2
"Austin",2003,2
"Austin",2004,1
"Austin",2005,1
"Austin",2006,1
"Austin",2019,15
"Baker",1958,1
"Baker",1997,1
"Baker",2002,1
"Baker",2004,1
"Baker",2008,1
"Baltimore",1956,1
"Baltimore",1961,1
"Baltimore",1981,1
"Baltimore",1987,2
"Baltimore",1988,2
"Baltimore",1990,1
"Baltimore",1993,4
"Baltimore",1994,2
"Baltimore",1995,5
"Baltimore",1996,1
"Baltimore",2000,1
"Baltimore",2001,1
"Baltimore",2002,36
"Baltimore",2003,1
"Baltimore",2004,2
"Baltimore",2006,1
"Baltimore",2007,3
"Baltimore",2009,2
"Baltimore",2010,1
"Baltimore",2011,2
"Baltimore",2013,2
"Baltimore",2016,2
"Baltimore",2018,4
"Baltimore",2019,24
"Baton Rouge",2002,1
"Baton Rouge",2003,1
"Baton Rouge",2004,1
"Baton Rouge",2010,1
"Baton Rouge",2012,1
"Baton Rouge",2017,1
"Baton Rouge",2019,15
"Beaumont",1974,1
"Beaumont",1994,1
"Beaumont",2010,2
"Beaumont",2012,1
"Beaumont",2019,7
"Belleville",1993,8
"Belleville",1994,4
"Belleville",1995,3
"Belleville",1998,1
"Belleville",2002,1
"Belleville",2017,1
"Belleville",2018,1
"Biloxi",2015,1
"Biloxi",2019,3
"Birmingham",2002,2
"Birmingham",2003,1
"Birmingham",2007,1
"Birmingham",2018,1
"Bismarck",1989,1
"Bismarck",2002,2
"Bismarck",2006,2
"Bismarck",2007,2
"Bismarck",2008,1
"Bismarck",2009,1
"Bismarck",2010,1
"Bismarck",2014,1
"Bismarck",2020,11
"Boise",1984,1
"Boise",1989,1
"Boise",2002,1
"Boise",2003,1
"Boise",2005,1
"Boise",2007,1
"Boise",2008,1
"Boise",2010,1
"Boise",2012,1
"Boise",2018,2
"Boise",2019,7
"Boston",1954,1
"Boston",1969,1
"Boston",1976,1
"Boston",1977,1
"Boston",1984,1
"Boston",1989,1
"Boston",1991,1
"Boston",1992,5
"Boston",1993,6
"Boston",1994,3
"Boston",1996,4
"Boston",1997,4
"Boston",1998,4
"Boston",1999,4
"Boston",2000,2
"Boston",2001,8
"Boston",2002,89
"Boston",2003,38
"Boston",2004,14
"Boston",2005,11
"Boston",2006,4
"Boston",2007,4
"Boston",2008,3
"Boston",2009,1
"Boston",2010,3
"Boston",2011,31
"Boston",2012,7
"Boston",2013,2
"Boston",2014,2
"Boston",2015,1
"Boston",2016,2
"Boston",2018,2
"Boston",2019,19
"Bridgeport",1993,3
"Bridgeport",1997,3
"Bridgeport",1999,2
"Bridgeport",2000,1
"Bridgeport",2001,2
"Bridgeport",2002,13
"Bridgeport",2003,3
"Bridgeport",2004,1
"Bridgeport",2006,2
"Bridgeport",2008,1
"Bridgeport",2009,2
"Bridgeport",2011,1
"Bridgeport",2014,2
"Bridgeport",2015,1
"Bridgeport",2018,1
"Bridgeport",2019,14
"Brooklyn",1985,1
"Brooklyn",1988,1
"Brooklyn",1990,1
"Brooklyn",1992,1
"Brooklyn",1994,2
"Brooklyn",1996,2
"Brooklyn",1997,1
"Brooklyn",1998,1
"Brooklyn",2000,2
"Brooklyn",2002,12
"Brooklyn",2003,18
"Brooklyn",2005,2
"Brooklyn",2007,5
"Brooklyn",2008,2
"Brooklyn",2009,1
"Brooklyn",2010,1
"Brooklyn",2011,1
"Brooklyn",2013,1
"Brooklyn",2015,1
"Brooklyn",2017,8
"Brooklyn",2018,2
"Brooklyn",2019,76
"Brownsville",2002,1
"Brownsville",2004,1
"Brownsville",2005,1
"Brownsville",2010,1
"Brownsville",2014,1
"Brownsville",2019,8
"Buffalo",1986,1
"Buffalo",1991,1
"Buffalo",1993,2
"Buffalo",1994,3
"Buffalo",1995,2
"Buffalo",1999,1
"Buffalo",2002,1
"Buffalo",2003,6
"Buffalo",2004,1
"Buffalo",2009,1
"Buffalo",2010,1
"Buffalo",2011,1
"Buffalo",2014,1
"Buffalo",2015,1
"Buffalo",2017,1
"Buffalo",2018,67
"Buffalo",2019,32
"Buffalo",2020,1
"Burlington",1994,1
"Burlington",1997,1
"Burlington",1998,2
"Burlington",2002,7
"Burlington",2004,1
"Burlington",2005,1
"Burlington",2006,1
"Burlington",2008,1
"Burlington",2013,1
"Burlington",2018,1
"Burlington",2019,29
"Camden",1985,1
"Camden",1990,1
"Camden",1993,1
"Camden",1994,10
"Camden",1997,1
"Camden",1999,1
"Camden",2002,8
"Camden",2005,10
"Camden",2010,1
"Camden",2012,1
"Camden",2016,2
"Camden",2018,1
"Camden",2019,27
"Camden",Inf,1
"Charleston",1993,2
"Charleston",1994,1
"Charleston",1995,1
"Charleston",1996,1
"Charleston",1997,1
"Charleston",2001,1
"Charleston",2002,4
"Charleston",2004,1
"Charleston",2011,1
"Charleston",2017,1
"Charleston",2019,20
"Charlotte",1995,1
"Charlotte",1998,1
"Charlotte",2002,1
"Charlotte",2004,1
"Charlotte",2007,2
"Charlotte",2008,1
"Charlotte",2010,1
"Charlotte",2011,1
"Charlotte",2019,9
"Cheyenne",1995,1
"Cheyenne",2004,1
"Cheyenne",2008,1
"Cheyenne",2019,5
"Chicago",1966,1
"Chicago",1985,1
"Chicago",1988,1
"Chicago",1991,6
"Chicago",1992,5
"Chicago",1993,4
"Chicago",1994,1
"Chicago",1995,1
"Chicago",1996,2
"Chicago",1997,1
"Chicago",1998,1
"Chicago",1999,3
"Chicago",2002,18
"Chicago",2003,11
"Chicago",2004,1
"Chicago",2005,15
"Chicago",2006,26
"Chicago",2007,3
"Chicago",2008,1
"Chicago",2009,4
"Chicago",2010,3
"Chicago",2011,2
"Chicago",2012,5
"Chicago",2013,7
"Chicago",2014,17
"Chicago",2015,3
"Chicago",2016,1
"Chicago",2018,13
"Chicago",2019,9
"Chicago",Inf,1
"Cincinnati",1990,1
"Cincinnati",1993,1
"Cincinnati",1994,1
"Cincinnati",2001,1
"Cincinnati",2002,6
"Cincinnati",2003,8
"Cincinnati",2004,4
"Cincinnati",2005,3
"Cincinnati",2006,2
"Cincinnati",2008,1
"Cincinnati",2010,1
"Cincinnati",2018,5
"Cincinnati",2019,7
"Cleveland",1986,1
"Cleveland",1987,5
"Cleveland",1990,1
"Cleveland",1992,2
"Cleveland",1993,3
"Cleveland",1994,1
"Cleveland",2002,27
"Cleveland",2003,2
"Cleveland",2004,2
"Cleveland",2005,1
"Cleveland",2007,1
"Cleveland",2008,1
"Cleveland",2011,1
"Cleveland",2012,1
"Cleveland",2018,8
"Cleveland",2019,12
"Colorado Springs",2002,1
"Colorado Springs",2012,1
"Colorado Springs",2019,1
"Columbus",1986,1
"Columbus",1989,1
"Columbus",1993,1
"Columbus",1994,1
"Columbus",1999,1
"Columbus",2002,4
"Columbus",2006,1
"Columbus",2008,1
"Columbus",2009,2
"Columbus",2012,2
"Columbus",2013,1
"Columbus",2015,1
"Columbus",2017,1
"Columbus",2018,1
"Columbus",2019,17
"Corpus Christi",1992,1
"Corpus Christi",1994,1
"Corpus Christi",1995,2
"Corpus Christi",2004,1
"Corpus Christi",2005,1
"Corpus Christi",2010,2
"Corpus Christi",2016,1
"Corpus Christi",2019,12
"Covington",1992,1
"Covington",2002,6
"Covington",2003,6
"Covington",2004,2
"Covington",2006,2
"Covington",2007,1
"Covington",2009,1
"Covington",2019,1
"Crookston",1991,1
"Crookston",2003,1
"Crookston",2005,1
"Crookston",2007,2
"Crookston",2009,1
"Crookston",2014,1
"Crookston",2016,1
"Crookston",2017,3
"Dallas",1986,1
"Dallas",1993,2
"Dallas",1994,1
"Dallas",1995,2
"Dallas",1997,1
"Dallas",1998,1
"Dallas",1999,1
"Dallas",2002,1
"Dallas",2003,3
"Dallas",2005,3
"Dallas",2006,1
"Dallas",2010,1
"Dallas",2013,1
"Dallas",2018,4
"Dallas",2019,9
"Davenport",1988,1
"Davenport",1992,2
"Davenport",2002,3
"Davenport",2003,7
"Davenport",2004,4
"Davenport",2005,3
"Davenport",2006,1
"Davenport",2007,5
"Davenport",2008,6
"Davenport",2009,2
"Davenport",2012,3
"Davenport",2013,2
"Davenport",2018,1
"Denver",1993,3
"Denver",1997,1
"Denver",2001,2
"Denver",2002,3
"Denver",2003,1
"Denver",2005,1
"Denver",2007,2
"Denver",2010,2
"Denver",2011,3
"Denver",2018,2
"Denver",2019,15
"Des Moines",1995,2
"Des Moines",2002,2
"Des Moines",2003,2
"Des Moines",2005,1
"Des Moines",2007,1
"Des Moines",2014,1
"Des Moines",2016,1
"Des Moines",2019,3
"Detroit",1980,1
"Detroit",1987,1
"Detroit",1993,2
"Detroit",1994,1
"Detroit",1995,2
"Detroit",1997,2
"Detroit",1999,2
"Detroit",2002,24
"Detroit",2003,5
"Detroit",2004,6
"Detroit",2005,1
"Detroit",2006,2
"Detroit",2009,2
"Detroit",2011,1
"Detroit",2012,1
"Detroit",2013,11
"Detroit",2014,1
"Detroit",2015,1
"Detroit",2016,1
"Detroit",2018,7
"Detroit",2019,5
"Dodge City",2001,1
"Dodge City",2010,2
"Dodge City",2019,5
"Dubuque",1952,1
"Dubuque",1996,1
"Dubuque",1999,1
"Dubuque",2000,1
"Dubuque",2001,1
"Dubuque",2002,2
"Dubuque",2003,1
"Dubuque",2004,3
"Dubuque",2005,4
"Dubuque",2006,7
"Dubuque",2007,1
"Dubuque",2008,3
"Dubuque",2012,1
"Dubuque",2013,3
"Dubuque",2015,1
"Dubuque",2018,4
"Duluth",1981,1
"Duluth",1987,1
"Duluth",1993,1
"Duluth",1995,1
"Duluth",2002,1
"Duluth",2013,14
"Duluth",2015,2
"Duluth",2018,1
"El Paso",1951,1
"El Paso",1990,1
"El Paso",1992,1
"El Paso",1999,1
"El Paso",2002,1
"El Paso",2004,1
"El Paso",2007,3
"El Paso",2008,1
"El Paso",2009,1
"El Paso",2010,1
"El Paso",2011,1
"El Paso",2012,1
"El Paso",2017,1
"El Paso",2018,2
"El Paso",2019,12
"El Paso",Inf,1
"Erie",1966,1
"Erie",1987,1
"Erie",1996,1
"Erie",1997,1
"Erie",1998,1
"Erie",1999,1
"Erie",2002,3
"Erie",2003,3
"Erie",2005,1
"Erie",2006,2
"Erie",2008,2
"Erie",2009,1
"Erie",2011,2
"Erie",2013,1
"Erie",2017,1
"Erie",2018,34
"Erie",2019,2
"Evansville",1996,2
"Evansville",2002,6
"Evansville",2005,1
"Evansville",2007,1
"Evansville",2018,1
"Evansville",2019,5
"Fairbanks",1958,1
"Fairbanks",1960,1
"Fairbanks",1963,1
"Fairbanks",1990,1
"Fairbanks",1991,2
"Fairbanks",2003,4
"Fairbanks",2004,3
"Fairbanks",2005,5
"Fairbanks",2006,4
"Fairbanks",2007,2
"Fairbanks",2009,2
"Fairbanks",2010,16
"Fairbanks",2012,2
"Fairbanks",2014,1
"Fairbanks",2016,1
"Fall River",1978,1
"Fall River",1988,1
"Fall River",1992,3
"Fall River",1995,1
"Fall River",1996,1
"Fall River",1998,1
"Fall River",2001,1
"Fall River",2002,19
"Fall River",2004,1
"Fall River",2007,1
"Fall River",2008,1
"Fall River",2019,3
"Fall River",2020,2
"Fargo",1992,1
"Fargo",1998,1
"Fargo",2002,2
"Fargo",2003,1
"Fargo",2005,1
"Fargo",2006,1
"Fargo",2009,1
"Fargo",2012,1
"Fargo",2014,1
"Fargo",2017,1
"Fargo",2019,2
"Fargo",2020,17
"Fort Wayne - South Bend",1991,2
"Fort Wayne - South Bend",1992,1
"Fort Wayne - South Bend",1993,1
"Fort Wayne - South Bend",2002,2
"Fort Wayne - South Bend",2003,1
"Fort Wayne - South Bend",2011,1
"Fort Wayne - South Bend",2013,1
"Fort Wayne - South Bend",2014,1
"Fort Wayne - South Bend",2018,11
"Fort Wayne - South Bend",2019,3
"Fort Worth",1979,1
"Fort Worth",1997,2
"Fort Worth",2002,1
"Fort Worth",2004,1
"Fort Worth",2005,4
"Fort Worth",2006,2
"Fort Worth",2008,1
"Fort Worth",2009,1
"Fort Worth",2012,1
"Fort Worth",2014,1
"Fresno",1983,1
"Fresno",2002,2
"Fresno",2003,4
"Fresno",2010,2
"Fresno",2013,1
"Fresno",2014,1
"Fresno",2019,3
"Fresno",2020,1
"Gallup",1928,1
"Gallup",1960,1
"Gallup",1994,2
"Gallup",1995,1
"Gallup",2003,4
"Gallup",2004,2
"Gallup",2009,1
"Gallup",2011,1
"Gallup",2012,1
"Gallup",2013,1
"Gallup",2014,4
"Gallup",2015,7
"Galveston-Houston",1978,1
"Galveston-Houston",1986,2
"Galveston-Houston",1990,1
"Galveston-Houston",1993,2
"Galveston-Houston",1999,1
"Galveston-Houston",2001,1
"Galveston-Houston",2002,2
"Galveston-Houston",2003,1
"Galveston-Houston",2004,2
"Galveston-Houston",2008,2
"Galveston-Houston",2010,3
"Galveston-Houston",2018,1
"Galveston-Houston",2019,23
"Gary",2003,1
"Gary",2006,1
"Gary",2007,1
"Gary",2010,1
"Gary",2015,1
"Gary",2018,5
"Gaylord",2002,4
"Gaylord",2003,1
"Gaylord",2007,1
"Gaylord",2018,6
"Grand Rapids",1988,1
"Grand Rapids",1998,1
"Grand Rapids",2002,7
"Grand Rapids",2004,1
"Grand Rapids",2006,1
"Grand Rapids",2007,1
"Grand Rapids",2008,1
"Grand Rapids",2015,1
"Great Falls-Billings",1941,1
"Great Falls-Billings",1949,1
"Great Falls-Billings",1967,2
"Great Falls-Billings",1969,1
"Great Falls-Billings",1972,1
"Great Falls-Billings",1982,1
"Great Falls-Billings",1987,1
"Great Falls-Billings",1989,1
"Great Falls-Billings",2004,1
"Great Falls-Billings",2006,1
"Great Falls-Billings",2007,2
"Great Falls-Billings",2009,1
"Great Falls-Billings",2011,1
"Great Falls-Billings",2012,7
"Great Falls-Billings",2016,2
"Great Falls-Billings",2017,1
"Great Falls-Billings",2018,19
"Great Falls-Billings",2019,1
"Green Bay",1952,1
"Green Bay",1985,1
"Green Bay",1992,1
"Green Bay",1993,1
"Green Bay",1997,2
"Green Bay",2002,8
"Green Bay",2003,1
"Green Bay",2004,1
"Green Bay",2010,1
"Green Bay",2012,1
"Green Bay",2013,2
"Green Bay",2014,1
"Green Bay",2016,1
"Green Bay",2017,1
"Green Bay",2018,2
"Green Bay",2019,40
"Greensburg",1987,2
"Greensburg",2002,2
"Greensburg",2005,1
"Greensburg",2009,1
"Greensburg",2010,1
"Greensburg",2016,1
"Greensburg",2018,14
"Greensburg",2019,2
"Harrisburg",1966,1
"Harrisburg",1972,1
"Harrisburg",1996,1
"Harrisburg",2002,2
"Harrisburg",2003,1
"Harrisburg",2004,2
"Harrisburg",2006,2
"Harrisburg",2010,1
"Harrisburg",2011,1
"Harrisburg",2012,1
"Harrisburg",2016,2
"Harrisburg",2017,1
"Harrisburg",2018,38
"Harrisburg",2019,7
"Hartford",1993,1
"Hartford",1995,2
"Hartford",1998,2
"Hartford",2000,1
"Hartford",2001,1
"Hartford",2002,7
"Hartford",2003,4
"Hartford",2005,5
"Hartford",2007,1
"Hartford",2009,1
"Hartford",2010,1
"Hartford",2011,5
"Hartford",2013,2
"Hartford",2014,1
"Hartford",2015,1
"Hartford",2016,1
"Hartford",2018,2
"Hartford",2019,12
"Helena",1969,1
"Helena",1989,1
"Helena",1993,1
"Helena",2003,1
"Helena",2006,1
"Helena",2011,14
"Helena",2012,3
"Helena",2015,43
"Helena",2019,1
"Honolulu",1991,1
"Honolulu",2002,4
"Honolulu",2003,3
"Honolulu",2005,2
"Honolulu",2006,1
"Honolulu",2008,1
"Honolulu",2011,1
"Honolulu",2012,2
"Honolulu",2013,1
"Honolulu",2014,1
"Honolulu",2016,3
"Honolulu",2017,1
"Houma-Thibodaux",1992,1
"Houma-Thibodaux",1995,1
"Houma-Thibodaux",2000,1
"Houma-Thibodaux",2002,2
"Houma-Thibodaux",2003,1
"Houma-Thibodaux",2004,1
"Houma-Thibodaux",2007,1
"Houma-Thibodaux",2019,4
"Indianapolis",1992,1
"Indianapolis",1997,1
"Indianapolis",2002,5
"Indianapolis",2003,3
"Indianapolis",2004,5
"Indianapolis",2005,1
"Indianapolis",2018,18
"Indianapolis",2019,3
"Jackson",1929,1
"Jackson",2000,1
"Jackson",2002,3
"Jackson",2004,1
"Jackson",2007,2
"Jackson",2018,1
"Jackson",2019,22
"Jefferson City",1990,1
"Jefferson City",2002,6
"Jefferson City",2003,1
"Jefferson City",2004,1
"Jefferson City",2005,1
"Jefferson City",2006,2
"Jefferson City",2009,1
"Jefferson City",2010,2
"Jefferson City",2011,1
"Jefferson City",2012,4
"Jefferson City",2014,1
"Jefferson City",2017,1
"Jefferson City",2018,13
"Joliet",1975,1
"Joliet",1987,1
"Joliet",1990,1
"Joliet",1992,1
"Joliet",1993,2
"Joliet",1996,1
"Joliet",1998,1
"Joliet",2002,13
"Joliet",2003,1
"Joliet",2004,2
"Joliet",2006,5
"Joliet",2008,2
"Joliet",2009,1
"Joliet",2010,4
"Joliet",2012,1
"Joliet",2013,3
"Joliet",2017,1
"Joliet",2018,2
"Juneau",1991,1
"Juneau",2002,1
"Juneau",2003,1
"Juneau",2011,2
"Juneau",2019,2
"Kalamazoo",1991,1
"Kalamazoo",2011,1
"Kalamazoo",2019,1
"Kansas City KS",2002,3
"Kansas City KS",2004,2
"Kansas City KS",2009,1
"Kansas City KS",2010,2
"Kansas City KS",2011,1
"Kansas City KS",2012,1
"Kansas City KS",2013,1
"Kansas City KS",2015,1
"Kansas City KS",2016,1
"Kansas City KS",2018,1
"Kansas City KS",2019,9
"Kansas City-St. Joseph",1994,3
"Kansas City-St. Joseph",2002,2
"Kansas City-St. Joseph",2003,2
"Kansas City-St. Joseph",2004,2
"Kansas City-St. Joseph",2006,1
"Kansas City-St. Joseph",2007,1
"Kansas City-St. Joseph",2008,3
"Kansas City-St. Joseph",2010,2
"Kansas City-St. Joseph",2011,6
"Kansas City-St. Joseph",2012,3
"Kansas City-St. Joseph",2013,1
"Kansas City-St. Joseph",2017,1
"Kansas City-St. Joseph",2018,1
"Kansas City-St. Joseph",2019,2
"Knoxville",2002,1
"Knoxville",2010,1
"Knoxville",2012,1
"Knoxville",2019,1
"La Crosse",1991,1
"La Crosse",1992,1
"La Crosse",1993,1
"La Crosse",1996,1
"La Crosse",2002,1
"La Crosse",2004,2
"La Crosse",2008,1
"La Crosse",2010,1
"La Crosse",2011,1
"La Crosse",2018,4
"Lafayette in Indiana",1928,1
"Lafayette in Indiana",1997,4
"Lafayette in Indiana",2011,1
"Lafayette in Indiana",2017,1
"Lafayette in Indiana",2018,5
"Lafayette in Louisiana",1985,2
"Lafayette in Louisiana",1986,3
"Lafayette in Louisiana",1994,1
"Lafayette in Louisiana",1995,1
"Lafayette in Louisiana",1997,1
"Lafayette in Louisiana",2002,7
"Lafayette in Louisiana",2003,1
"Lafayette in Louisiana",2004,1
"Lafayette in Louisiana",2006,1
"Lafayette in Louisiana",2012,1
"Lafayette in Louisiana",2014,3
"Lafayette in Louisiana",2016,1
"Lafayette in Louisiana",2018,6
"Lafayette in Louisiana",2019,18
"Lafayette in Louisiana",Inf,1
"Lake Charles",2012,1
"Lake Charles",2019,4
"Lansing",1998,1
"Lansing",2002,5
"Lansing",2003,1
"Lansing",2010,3
"Lansing",2011,1
"Lansing",2014,1
"Lansing",2018,2
"Lansing",2019,5
"Las Cruces",1946,1
"Las Cruces",2002,1
"Las Cruces",2003,1
"Las Cruces",2010,1
"Las Cruces",2013,1
"Las Cruces",2018,6
"Las Cruces",2019,1
"Las Vegas",2002,1
"Las Vegas",2009,1
"Las Vegas",2014,1
"Las Vegas",2019,5
"Lexington",1993,1
"Lexington",2002,4
"Lexington",2003,2
"Lincoln",1987,1
"Lincoln",1993,1
"Lincoln",2003,1
"Lincoln",2019,9
"Little Rock",1993,1
"Little Rock",1994,1
"Little Rock",2016,1
"Little Rock",2018,6
"Little Rock",2019,2
"Los Angeles",1981,2
"Los Angeles",1982,1
"Los Angeles",1984,6
"Los Angeles",1985,1
"Los Angeles",1986,2
"Los Angeles",1987,1
"Los Angeles",1988,3
"Los Angeles",1989,1
"Los Angeles",1992,2
"Los Angeles",1993,1
"Los Angeles",1994,1
"Los Angeles",1995,1
"Los Angeles",2002,41
"Los Angeles",2003,25
"Los Angeles",2004,124
"Los Angeles",2005,21
"Los Angeles",2006,6
"Los Angeles",2007,1
"Los Angeles",2008,8
"Los Angeles",2009,4
"Los Angeles",2010,1
"Los Angeles",2011,2
"Los Angeles",2012,2
"Los Angeles",2013,9
"Los Angeles",2014,3
"Los Angeles",2018,48
"Los Angeles",2019,10
"Los Angeles",Inf,5
"Louisville",2002,37
"Louisville",2003,10
"Louisville",2004,16
"Louisville",2005,1
"Louisville",2006,1
"Louisville",2009,1
"Louisville",2015,1
"Louisville",2019,16
"Lubbock",2019,3
"Madison",1993,1
"Madison",1994,1
"Madison",2002,4
"Madison",2003,4
"Madison",2018,1
"Madison",2019,2
"Manchester",1979,1
"Manchester",1993,1
"Manchester",1994,2
"Manchester",1995,1
"Manchester",1997,1
"Manchester",1998,1
"Manchester",2001,1
"Manchester",2002,49
"Manchester",2003,6
"Manchester",2004,2
"Manchester",2005,2
"Manchester",2007,1
"Manchester",2008,1
"Manchester",2009,17
"Manchester",2015,1
"Manchester",2016,1
"Manchester",2019,8
"Marquette",1988,1
"Marquette",1990,1
"Marquette",2000,1
"Marquette",2002,3
"Marquette",2008,1
"Marquette",2011,1
"Marquette",2013,1
"Marquette",2014,1
"Marquette",2018,1
"Marquette",2019,2
"Marquette",2020,1
"Memphis",2002,2
"Memphis",2004,3
"Memphis",2006,2
"Memphis",2010,1
"Memphis",2018,1
"Metuchen",1997,1
"Metuchen",2001,1
"Metuchen",2002,2
"Metuchen",2003,2
"Metuchen",2004,1
"Metuchen",2005,1
"Metuchen",2008,1
"Metuchen",2013,2
"Metuchen",2016,1
"Metuchen",2018,1
"Metuchen",2019,5
"Miami",1998,2
"Miami",1999,1
"Miami",2002,13
"Miami",2003,4
"Miami",2004,1
"Miami",2005,3
"Miami",2006,5
"Miami",2007,3
"Miami",2010,2
"Miami",2011,2
"Miami",2013,3
"Miami",2015,1
"Miami",2018,1
"Military Services",1987,1
"Military Services",1993,1
"Military Services",2007,1
"Milwaukee",1965,1
"Milwaukee",1990,1
"Milwaukee",1992,6
"Milwaukee",1993,2
"Milwaukee",1996,2
"Milwaukee",1997,3
"Milwaukee",1999,1
"Milwaukee",2000,2
"Milwaukee",2001,1
"Milwaukee",2002,13
"Milwaukee",2004,23
"Milwaukee",2007,2
"Milwaukee",2009,3
"Milwaukee",2011,3
"Milwaukee",2012,4
"Milwaukee",2013,2
"Milwaukee",2015,1
"Milwaukee",2018,6
"Mobile",1964,1
"Mobile",1994,1
"Mobile",1995,1
"Mobile",2000,1
"Mobile",2003,4
"Mobile",2005,1
"Mobile",2007,1
"Mobile",2012,1
"Mobile",2013,1
"Mobile",2014,1
"Mobile",2018,9
"Mobile",2019,1
"Monterey",2002,3
"Monterey",2003,4
"Monterey",2004,2
"Monterey",2005,1
"Monterey",2007,1
"Monterey",2009,1
"Monterey",2011,1
"Monterey",2015,1
"Monterey",2019,16
"Nashville",1999,2
"Nashville",2002,3
"Nashville",2018,5
"New Orleans",1987,3
"New Orleans",1991,1
"New Orleans",1992,1
"New Orleans",1996,2
"New Orleans",1997,1
"New Orleans",1998,1
"New Orleans",1999,2
"New Orleans",2000,1
"New Orleans",2002,3
"New Orleans",2003,1
"New Orleans",2004,3
"New Orleans",2005,10
"New Orleans",2006,2
"New Orleans",2008,1
"New Orleans",2009,1
"New Orleans",2010,1
"New Orleans",2011,1
"New Orleans",2013,1
"New Orleans",2018,40
"New Orleans",2019,3
"New Orleans",Inf,1
"New Ulm",1989,1
"New Ulm",1994,2
"New Ulm",1998,1
"New Ulm",2003,2
"New Ulm",2009,1
"New Ulm",2014,2
"New Ulm",2015,1
"New Ulm",2016,6
"New Ulm",2017,1
"New Ulm",Inf,1
"New York",1966,1
"New York",1984,1
"New York",1988,2
"New York",1989,1
"New York",1990,1
"New York",1992,1
"New York",1993,1
"New York",1994,1
"New York",1996,2
"New York",1997,2
"New York",1998,2
"New York",1999,1
"New York",2001,4
"New York",2002,20
"New York",2003,2
"New York",2004,9
"New York",2005,3
"New York",2006,5
"New York",2007,1
"New York",2008,3
"New York",2009,4
"New York",2010,3
"New York",2011,7
"New York",2012,4
"New York",2013,5
"New York",2014,5
"New York",2015,4
"New York",2016,3
"New York",2017,4
"New York",2018,19
"New York",2019,69
"Newark",1954,1
"Newark",1987,1
"Newark",1989,1
"Newark",1992,1
"Newark",1993,2
"Newark",1996,1
"Newark",1997,1
"Newark",1998,1
"Newark",1999,1
"Newark",2001,1
"Newark",2002,7
"Newark",2003,3
"Newark",2004,4
"Newark",2005,2
"Newark",2006,1
"Newark",2008,3
"Newark",2009,1
"Newark",2010,3
"Newark",2011,2
"Newark",2012,4
"Newark",2013,3
"Newark",2014,2
"Newark",2015,1
"Newark",2016,4
"Newark",2018,1
"Newark",2019,32
"Newark",Inf,1
"No priests found",Inf,1
"none",2002,1
"none",2004,2
"none",2010,2
"none",2014,3
"none",2018,1
"none",2019,2
"none",Inf,1
"Norwich",1993,2
"Norwich",1994,3
"Norwich",1999,2
"Norwich",2001,1
"Norwich",2002,5
"Norwich",2004,3
"Norwich",2005,1
"Norwich",2008,2
"Norwich",2012,1
"Norwich",2013,1
"Norwich",2018,3
"Norwich",2019,13
"Oakland",1963,1
"Oakland",1982,1
"Oakland",1985,1
"Oakland",1993,2
"Oakland",1999,1
"Oakland",2000,1
"Oakland",2002,2
"Oakland",2003,5
"Oakland",2004,2
"Oakland",2005,4
"Oakland",2006,3
"Oakland",2007,1
"Oakland",2008,6
"Oakland",2019,14
"Ogdensburg",1995,1
"Ogdensburg",1999,1
"Ogdensburg",2002,4
"Ogdensburg",2003,1
"Ogdensburg",2006,1
"Ogdensburg",2008,1
"Ogdensburg",2017,1
"Ogdensburg",2018,21
"Ogdensburg",2019,1
"Oklahoma City",1992,1
"Oklahoma City",1997,1
"Oklahoma City",2003,1
"Oklahoma City",2010,1
"Oklahoma City",2018,2
"Oklahoma City",2019,7
"Omaha",1997,2
"Omaha",2002,4
"Omaha",2003,1
"Omaha",2004,1
"Omaha",2007,1
"Omaha",2011,1
"Omaha",2012,2
"Omaha",2014,1
"Omaha",2018,24
"Omaha",2019,1
"Orange",1986,1
"Orange",1987,1
"Orange",1991,1
"Orange",1992,1
"Orange",1993,1
"Orange",1994,1
"Orange",1996,1
"Orange",2002,2
"Orange",2003,5
"Orange",2004,6
"Orange",2006,1
"Orange",2008,1
"Orange",2009,2
"Orange",2010,1
"Orange",2018,1
"Orlando",1977,1
"Orlando",1987,2
"Orlando",1995,2
"Orlando",1997,2
"Orlando",2003,1
"Orlando",2004,1
"Orlando",2005,1
"Orlando",2007,2
"Orlando",2010,1
"Owensboro",1999,2
"Owensboro",2002,1
"Owensboro",2003,2
"Owensboro",2011,1
"Owensboro",2012,1
"Owensboro",2013,1
"Owensboro",2016,1
"Owensboro",2019,5
"Palm Beach",1998,1
"Palm Beach",2002,4
"Palm Beach",2015,1
"Paterson",1987,2
"Paterson",1989,1
"Paterson",1991,1
"Paterson",2002,10
"Paterson",2003,2
"Paterson",2004,10
"Paterson",2005,1
"Paterson",2012,2
"Paterson",2013,1
"Paterson",2015,1
"Paterson",2017,1
"Paterson",2019,8
"Pensacola-Tallahassee",1975,1
"Pensacola-Tallahassee",1997,1
"Pensacola-Tallahassee",2003,1
"Pensacola-Tallahassee",2006,1
"Pensacola-Tallahassee",2013,1
"Pensacola-Tallahassee",2018,1
"Peoria",1991,1
"Peoria",1993,2
"Peoria",1998,1
"Peoria",2002,7
"Peoria",2004,2
"Peoria",2005,3
"Peoria",2008,1
"Peoria",2009,1
"Peoria",2011,1
"Peoria",2015,1
"Peoria",2018,4
"Philadelphia",1978,1
"Philadelphia",1980,1
"Philadelphia",1985,1
"Philadelphia",1987,2
"Philadelphia",1992,1
"Philadelphia",1994,1
"Philadelphia",1998,1
"Philadelphia",1999,1
"Philadelphia",2002,11
"Philadelphia",2003,8
"Philadelphia",2004,11
"Philadelphia",2005,33
"Philadelphia",2006,5
"Philadelphia",2007,2
"Philadelphia",2008,4
"Philadelphia",2009,2
"Philadelphia",2010,3
"Philadelphia",2011,27
"Philadelphia",2012,13
"Philadelphia",2013,2
"Philadelphia",2014,1
"Philadelphia",2015,1
"Philadelphia",2018,1
"Philadelphia",2019,6
"Philadelphia",Inf,2
"Phoenix",1975,1
"Phoenix",1976,1
"Phoenix",1989,3
"Phoenix",1990,1
"Phoenix",1991,1
"Phoenix",1993,3
"Phoenix",1994,1
"Phoenix",2000,1
"Phoenix",2002,6
"Phoenix",2003,3
"Phoenix",2005,2
"Phoenix",2006,2
"Phoenix",2008,1
"Phoenix",2009,1
"Phoenix",2011,1
"Phoenix",2014,2
"Phoenix",2017,1
"Phoenix",2019,3
"Pittsburgh",1970,1
"Pittsburgh",1982,1
"Pittsburgh",1985,1
"Pittsburgh",1988,4
"Pittsburgh",1989,1
"Pittsburgh",1991,1
"Pittsburgh",1993,1
"Pittsburgh",1994,2
"Pittsburgh",1997,1
"Pittsburgh",2001,1
"Pittsburgh",2002,1
"Pittsburgh",2003,1
"Pittsburgh",2004,14
"Pittsburgh",2005,3
"Pittsburgh",2006,1
"Pittsburgh",2009,3
"Pittsburgh",2011,1
"Pittsburgh",2012,1
"Pittsburgh",2014,7
"Pittsburgh",2015,1
"Pittsburgh",2018,56
"Pittsburgh",2019,5
"Portland in Maine",1984,1
"Portland in Maine",1993,1
"Portland in Maine",1994,2
"Portland in Maine",1995,1
"Portland in Maine",1997,1
"Portland in Maine",2000,2
"Portland in Maine",2001,1
"Portland in Maine",2002,6
"Portland in Maine",2003,1
"Portland in Maine",2004,2
"Portland in Maine",2005,21
"Portland in Maine",2006,2
"Portland in Maine",2007,5
"Portland in Maine",2009,1
"Portland in Maine",2011,1
"Portland in Maine",2012,1
"Portland in Oregon",1983,1
"Portland in Oregon",1989,1
"Portland in Oregon",1990,1
"Portland in Oregon",1991,1
"Portland in Oregon",1994,1
"Portland in Oregon",1998,1
"Portland in Oregon",1999,1
"Portland in Oregon",2000,2
"Portland in Oregon",2001,3
"Portland in Oregon",2002,19
"Portland in Oregon",2003,5
"Portland in Oregon",2004,7
"Portland in Oregon",2005,5
"Portland in Oregon",2006,15
"Portland in Oregon",2007,4
"Portland in Oregon",2008,3
"Portland in Oregon",2009,1
"Portland in Oregon",2010,2
"Portland in Oregon",2011,1
"Portland in Oregon",2012,5
"Portland in Oregon",2013,1
"Portland in Oregon",2014,1
"Portland in Oregon",2016,2
"Portland in Oregon",2018,3
"Portland in Oregon",2019,1
"Providence",1984,1
"Providence",1985,2
"Providence",1986,1
"Providence",1988,1
"Providence",1990,1
"Providence",1992,1
"Providence",1994,9
"Providence",1995,1
"Providence",1996,1
"Providence",1999,1
"Providence",2001,3
"Providence",2002,4
"Providence",2003,1
"Providence",2005,2
"Providence",2009,1
"Providence",2011,1
"Providence",2012,2
"Providence",2013,2
"Providence",2016,1
"Providence",2017,2
"Providence",2019,18
"Pueblo",1993,3
"Pueblo",1997,1
"Pueblo",2002,1
"Pueblo",2003,1
"Pueblo",2005,1
"Pueblo",2008,1
"Pueblo",2009,1
"Pueblo",2010,1
"Pueblo",2019,15
"Pueblo",Inf,1
"Raleigh",1989,1
"Raleigh",2002,2
"Raleigh",2004,1
"Raleigh",2007,2
"Raleigh",2009,2
"Raleigh",2018,8
"Rapid City",1992,1
"Rapid City",1995,1
"Rapid City",2002,2
"Rapid City",2003,3
"Rapid City",2013,1
"Rapid City",2015,1
"Rapid City",2016,1
"Rapid City",2018,6
"Rapid City",2019,5
"Reno",2004,1
"Reno",2005,2
"Reno",2006,1
"Reno",2019,6
"Richmond",1993,1
"Richmond",1994,1
"Richmond",1998,1
"Richmond",2002,7
"Richmond",2003,3
"Richmond",2004,2
"Richmond",2006,1
"Richmond",2011,1
"Richmond",2018,1
"Richmond",2019,22
"Rochester",1993,1
"Rochester",1996,1
"Rochester",2001,1
"Rochester",2002,10
"Rochester",2003,2
"Rochester",2004,1
"Rochester",2005,2
"Rochester",2006,1
"Rochester",2008,1
"Rochester",2009,1
"Rochester",2010,1
"Rochester",2011,1
"Rochester",2012,3
"Rochester",2018,5
"Rochester",2019,6
"Rockford",1981,1
"Rockford",1996,1
"Rockford",2000,1
"Rockford",2002,4
"Rockford",2006,1
"Rockford",2014,1
"Rockford",2015,1
"Rockford",2018,5
"Rockville Centre",1989,1
"Rockville Centre",1993,1
"Rockville Centre",1994,2
"Rockville Centre",1995,4
"Rockville Centre",1997,1
"Rockville Centre",1998,2
"Rockville Centre",1999,1
"Rockville Centre",2000,1
"Rockville Centre",2002,18
"Rockville Centre",2003,16
"Rockville Centre",2004,1
"Rockville Centre",2005,1
"Rockville Centre",2006,4
"Rockville Centre",2007,2
"Rockville Centre",2011,1
"Rockville Centre",2012,1
"Rockville Centre",2015,1
"Rockville Centre",2016,2
"Rockville Centre",2017,2
"Rockville Centre",2018,2
"Rockville Centre",2019,17
"Rockville Centre",Inf,1
"Sacramento",1992,1
"Sacramento",1993,1
"Sacramento",2002,8
"Sacramento",2003,2
"Sacramento",2006,1
"Sacramento",2008,2
"Sacramento",2009,1
"Sacramento",2011,2
"Sacramento",2013,1
"Sacramento",2014,1
"Sacramento",2018,4
"Sacramento",2019,25
"Saginaw",2002,1
"Saginaw",2006,1
"Saginaw",2018,4
"Saginaw",2019,9
"Salina",1929,1
"Salina",2001,1
"Salina",2004,1
"Salina",2010,1
"Salina",2019,18
"Salt Lake City",1961,1
"Salt Lake City",1973,1
"Salt Lake City",1993,1
"Salt Lake City",1999,1
"Salt Lake City",2002,2
"Salt Lake City",2003,1
"Salt Lake City",2009,1
"Salt Lake City",2016,1
"Salt Lake City",2018,10
"San Angelo",2002,2
"San Angelo",2003,1
"San Angelo",2004,1
"San Angelo",2019,8
"San Antonio",1988,1
"San Antonio",1993,1
"San Antonio",1994,3
"San Antonio",1997,1
"San Antonio",1998,1
"San Antonio",2001,1
"San Antonio",2002,1
"San Antonio",2003,3
"San Antonio",2004,3
"San Antonio",2005,1
"San Antonio",2007,1
"San Antonio",2009,3
"San Antonio",2011,1
"San Antonio",2012,2
"San Antonio",2015,1
"San Antonio",2018,3
"San Antonio",2019,23
"San Bernardino",1987,1
"San Bernardino",1993,4
"San Bernardino",1994,1
"San Bernardino",1996,1
"San Bernardino",1998,1
"San Bernardino",2002,4
"San Bernardino",2003,2
"San Bernardino",2004,3
"San Bernardino",2007,1
"San Bernardino",2010,1
"San Bernardino",2011,1
"San Bernardino",2013,1
"San Bernardino",2018,10
"San Diego",1963,1
"San Diego",1985,2
"San Diego",1989,1
"San Diego",1992,1
"San Diego",1993,2
"San Diego",1995,1
"San Diego",1997,1
"San Diego",1998,1
"San Diego",2001,1
"San Diego",2002,6
"San Diego",2003,10
"San Diego",2004,1
"San Diego",2005,1
"San Diego",2007,16
"San Diego",2008,1
"San Diego",2018,6
"San Diego",2019,2
"San Diego",2020,2
"San Francisco",1986,1
"San Francisco",1989,1
"San Francisco",1994,2
"San Francisco",2000,3
"San Francisco",2002,10
"San Francisco",2003,5
"San Francisco",2004,1
"San Francisco",2005,6
"San Francisco",2006,1
"San Francisco",2008,1
"San Francisco",2011,3
"San Francisco",2018,1
"San Francisco",2019,2
"San Jose",1994,1
"San Jose",1996,1
"San Jose",2001,1
"San Jose",2002,6
"San Jose",2003,1
"San Jose",2011,1
"San Jose",2012,2
"San Jose",2018,8
"Santa Fe",1937,1
"Santa Fe",1957,1
"Santa Fe",1967,1
"Santa Fe",1977,1
"Santa Fe",1987,1
"Santa Fe",1992,2
"Santa Fe",1993,4
"Santa Fe",1994,6
"Santa Fe",1995,7
"Santa Fe",1996,2
"Santa Fe",1997,3
"Santa Fe",1998,2
"Santa Fe",2000,1
"Santa Fe",2005,3
"Santa Fe",2006,1
"Santa Fe",2008,1
"Santa Fe",2009,1
"Santa Fe",2011,2
"Santa Fe",2012,1
"Santa Fe",2013,2
"Santa Fe",2014,4
"Santa Fe",2015,1
"Santa Fe",2016,1
"Santa Fe",2017,17
"Santa Fe",2018,5
"Santa Fe",2019,4
"Santa Rosa",1994,1
"Santa Rosa",1996,1
"Santa Rosa",2000,1
"Santa Rosa",2002,3
"Santa Rosa",2006,1
"Santa Rosa",2007,1
"Santa Rosa",2008,1
"Santa Rosa",2010,1
"Santa Rosa",2013,2
"Santa Rosa",2014,1
"Santa Rosa",2019,7
"Santa Rosa",NA,1
"Savannah",2002,2
"Savannah",2007,1
"Savannah",2009,1
"Savannah",2017,1
"Savannah",2018,9
"Scranton",1993,1
"Scranton",1997,1
"Scranton",2002,5
"Scranton",2004,2
"Scranton",2005,2
"Scranton",2006,4
"Scranton",2007,1
"Scranton",2008,2
"Scranton",2010,2
"Scranton",2011,2
"Scranton",2012,1
"Scranton",2013,1
"Scranton",2014,3
"Scranton",2018,44
"Scranton",2019,2
"Seattle",1963,1
"Seattle",1988,2
"Seattle",1994,1
"Seattle",1995,1
"Seattle",2002,8
"Seattle",2003,3
"Seattle",2004,11
"Seattle",2005,1
"Seattle",2006,2
"Seattle",2007,3
"Seattle",2008,1
"Seattle",2009,1
"Seattle",2010,4
"Seattle",2011,1
"Seattle",2012,1
"Seattle",2013,1
"Seattle",2014,1
"Seattle",2015,1
"Seattle",2016,22
"Sioux City",1961,1
"Sioux City",1995,1
"Sioux City",2002,1
"Sioux City",2004,1
"Sioux City",2008,2
"Sioux City",2010,1
"Sioux City",2018,2
"Sioux City",2019,24
"Sioux Falls",1995,1
"Sioux Falls",2003,3
"Sioux Falls",2008,1
"Sioux Falls",2009,1
"Sioux Falls",2010,15
"Sioux Falls",2011,4
"Sioux Falls",2019,6
"Spokane",1959,1
"Spokane",1967,1
"Spokane",1976,1
"Spokane",1993,1
"Spokane",1994,1
"Spokane",2001,1
"Spokane",2002,7
"Spokane",2003,4
"Spokane",2004,3
"Spokane",2005,2
"Spokane",2006,4
"Spokane",2007,11
"Spokane",2008,2
"Spokane",2009,1
"Spokane",2011,1
"Spokane",2012,1
"Spokane",2013,1
"Spokane",2015,1
"Spokane",2017,1
"Spokane",2018,1
"Spokane",2019,1
"Springfield-Cape Girardeau",2002,4
"Springfield-Cape Girardeau",2006,2
"Springfield-Cape Girardeau",2007,1
"Springfield-Cape Girardeau",2012,1
"Springfield-Cape Girardeau",2018,5
"Springfield-Cape Girardeau",2019,8
"Springfield in Illinois",1955,1
"Springfield in Illinois",1985,1
"Springfield in Illinois",1986,1
"Springfield in Illinois",1993,1
"Springfield in Illinois",1994,1
"Springfield in Illinois",1999,1
"Springfield in Illinois",2002,1
"Springfield in Illinois",2004,1
"Springfield in Illinois",2006,1
"Springfield in Illinois",2010,1
"Springfield in Illinois",2012,1
"Springfield in Illinois",2013,1
"Springfield in Illinois",2016,1
"Springfield in Illinois",2017,1
"Springfield in Illinois",2018,10
"Springfield in Illinois",2019,1
"Springfield in Massachusetts",1982,1
"Springfield in Massachusetts",1991,1
"Springfield in Massachusetts",1993,1
"Springfield in Massachusetts",1994,1
"Springfield in Massachusetts",2002,9
"Springfield in Massachusetts",2003,5
"Springfield in Massachusetts",2004,12
"Springfield in Massachusetts",2005,4
"Springfield in Massachusetts",2006,1
"Springfield in Massachusetts",2008,8
"Springfield in Massachusetts",2010,1
"Springfield in Massachusetts",2011,3
"Springfield in Massachusetts",2019,2
"St. Augustine",2003,1
"St. Augustine",2004,1
"St. Augustine",2005,1
"St. Augustine",2008,1
"St. Augustine",2019,1
"St. Cloud",1941,1
"St. Cloud",1962,1
"St. Cloud",1964,1
"St. Cloud",1978,1
"St. Cloud",1987,1
"St. Cloud",1988,1
"St. Cloud",1989,1
"St. Cloud",1992,3
"St. Cloud",1993,1
"St. Cloud",1994,2
"St. Cloud",1995,2
"St. Cloud",1999,1
"St. Cloud",2002,20
"St. Cloud",2006,5
"St. Cloud",2007,1
"St. Cloud",2008,1
"St. Cloud",2010,1
"St. Cloud",2011,5
"St. Cloud",2012,4
"St. Cloud",2013,2
"St. Cloud",2014,10
"St. Cloud",2015,1
"St. Cloud",2016,3
"St. Cloud",2017,1
"St. Cloud",2018,2
"St. Louis",1986,1
"St. Louis",1991,1
"St. Louis",1992,2
"St. Louis",1993,1
"St. Louis",1994,2
"St. Louis",1995,3
"St. Louis",2002,13
"St. Louis",2003,4
"St. Louis",2004,7
"St. Louis",2005,5
"St. Louis",2006,3
"St. Louis",2007,2
"St. Louis",2009,3
"St. Louis",2011,3
"St. Louis",2012,2
"St. Louis",2014,2
"St. Louis",2016,1
"St. Louis",2017,2
"St. Louis",2018,12
"St. Louis",2019,27
"St. Louis",Inf,1
"St. Paul &amp; Minneapolis",1974,1
"St. Paul &amp; Minneapolis",1989,2
"St. Paul &amp; Minneapolis",1990,1
"St. Paul &amp; Minneapolis",1991,2
"St. Paul &amp; Minneapolis",1992,1
"St. Paul &amp; Minneapolis",1993,2
"St. Paul &amp; Minneapolis",1995,3
"St. Paul &amp; Minneapolis",1999,3
"St. Paul &amp; Minneapolis",2000,1
"St. Paul &amp; Minneapolis",2002,8
"St. Paul &amp; Minneapolis",2003,1
"St. Paul &amp; Minneapolis",2004,1
"St. Paul &amp; Minneapolis",2005,1
"St. Paul &amp; Minneapolis",2006,1
"St. Paul &amp; Minneapolis",2007,1
"St. Paul &amp; Minneapolis",2008,1
"St. Paul &amp; Minneapolis",2009,1
"St. Paul &amp; Minneapolis",2012,2
"St. Paul &amp; Minneapolis",2013,16
"St. Paul &amp; Minneapolis",2014,11
"St. Paul &amp; Minneapolis",2015,13
"St. Paul &amp; Minneapolis",2016,3
"St. Paul &amp; Minneapolis",2017,1
"St. Paul &amp; Minneapolis",2019,1
"St. Paul &amp; Minneapolis",Inf,1
"St. Petersburg",1967,1
"St. Petersburg",1987,1
"St. Petersburg",1994,1
"St. Petersburg",1996,1
"St. Petersburg",1997,1
"St. Petersburg",2002,10
"St. Petersburg",2003,2
"St. Petersburg",2004,1
"St. Petersburg",2006,1
"St. Petersburg",2007,1
"St. Petersburg",2015,1
"St. Petersburg",2016,1
"St. Petersburg",2018,1
"Steubenville",1926,1
"Steubenville",1934,1
"Steubenville",1989,1
"Steubenville",2002,1
"Steubenville",2005,2
"Steubenville",2006,1
"Steubenville",2007,1
"Steubenville",2008,1
"Steubenville",2009,1
"Steubenville",2018,8
"Steubenville",2019,2
"Stockton",1998,1
"Stockton",2002,1
"Stockton",2003,1
"Stockton",2004,2
"Stockton",2005,1
"Stockton",2006,1
"Stockton",2010,1
"Stockton",2012,1
"Stockton",2013,1
"Stockton",2014,1
"Stockton",2015,1
"Stockton",2018,1
"Superior",1966,1
"Superior",1992,1
"Superior",1995,1
"Superior",2002,1
"Superior",2005,1
"Superior",2006,1
"Superior",2009,1
"Superior",2010,2
"Syracuse",1988,1
"Syracuse",1990,1
"Syracuse",1992,1
"Syracuse",1993,1
"Syracuse",1999,1
"Syracuse",2002,8
"Syracuse",2003,4
"Syracuse",2004,2
"Syracuse",2007,1
"Syracuse",2012,1
"Syracuse",2014,2
"Syracuse",2016,1
"Syracuse",2017,2
"Syracuse",2018,30
"Syracuse",Inf,1
"Toledo",1960,1
"Toledo",2000,1
"Toledo",2002,15
"Toledo",2003,6
"Toledo",2004,3
"Toledo",2006,3
"Toledo",2008,1
"Toledo",2015,2
"Toledo",2018,1
"Toledo",2019,1
"Trenton",1981,1
"Trenton",1993,1
"Trenton",1994,2
"Trenton",1998,1
"Trenton",2002,4
"Trenton",2004,1
"Trenton",2005,2
"Trenton",2006,1
"Trenton",2007,2
"Trenton",2009,2
"Trenton",2011,1
"Trenton",2012,3
"Trenton",2013,1
"Trenton",2014,1
"Trenton",2015,1
"Trenton",2019,17
"Trenton",2020,1
"Trenton",Inf,1
"Tucson",1996,1
"Tucson",1999,2
"Tucson",2001,1
"Tucson",2002,11
"Tucson",2003,7
"Tucson",2004,5
"Tucson",2006,2
"Tucson",2010,1
"Tucson",2011,1
"Tucson",2014,1
"Tulsa",1993,1
"Tulsa",2002,3
"Tulsa",2019,6
"Tyler",1996,1
"Tyler",2002,1
"Tyler",2019,1
"Tyler",Inf,1
"Venice",1993,1
"Venice",1999,1
"Venice",2000,1
"Venice",2002,3
"Venice",2005,1
"Venice",2008,1
"Venice",2010,1
"Victoria",2008,1
"Washington",1986,2
"Washington",1989,1
"Washington",1991,1
"Washington",1992,1
"Washington",1995,3
"Washington",1996,1
"Washington",1997,1
"Washington",1998,1
"Washington",2002,3
"Washington",2004,1
"Washington",2005,2
"Washington",2006,3
"Washington",2009,3
"Washington",2010,1
"Washington",2011,3
"Washington",2018,8
"Washington",2019,5
"Washington",2007,1
"Wheeling-Charleston",1993,1
"Wheeling-Charleston",2007,1
"Wheeling-Charleston",2008,1
"Wheeling-Charleston",2010,1
"Wheeling-Charleston",2011,1
"Wheeling-Charleston",2012,1
"Wheeling-Charleston",2018,12
"Wheeling-Charleston",2019,1
"Wichita",1995,1
"Wichita",1996,3
"Wichita",2001,1
"Wichita",2019,5
"Wilmington",1972,1
"Wilmington",1994,1
"Wilmington",1999,2
"Wilmington",2001,2
"Wilmington",2002,2
"Wilmington",2003,2
"Wilmington",2004,1
"Wilmington",2005,5
"Wilmington",2006,8
"Wilmington",2007,1
"Wilmington",2008,1
"Wilmington",2009,5
"Wilmington",2011,4
"Wilmington",2019,1
"Wilmington",Inf,3
"Winona",1925,1
"Winona",1992,1
"Winona",1995,1
"Winona",2000,1
"Winona",2013,12
"Winona",2015,2
"Winona",2016,1
"Winona",2018,1
"Worcester",1971,1
"Worcester",1986,1
"Worcester",1992,3
"Worcester",1993,3
"Worcester",1994,2
"Worcester",1995,1
"Worcester",1996,1
"Worcester",1998,1
"Worcester",2000,1
"Worcester",2002,11
"Worcester",2003,6
"Worcester",2004,3
"Worcester",2005,2
"Worcester",2006,1
"Worcester",2009,1
"Worcester",2011,1
"Worcester",2014,1
"Worcester",2018,1
"Worcester",Inf,1
"Yakima",1994,1
"Yakima",1996,1
"Yakima",1999,1
"Yakima",2003,1
"Yakima",2005,1
"Yakima",2006,2
"Yakima",2007,3
"Yakima",2010,2
"Yakima",2012,1
"Yakima",2017,2
"Yakima",2019,6
"Youngstown",1991,1
"Youngstown",1992,1
"Youngstown",1996,1
"Youngstown",2002,2
"Youngstown",2004,1
"Youngstown",2006,1
"Youngstown",2009,1
"Youngstown",2011,1
"Youngstown",2012,1
"Youngstown",2018,23
