"","Year","Percent Catholic","Dioceses"
"1",1970,1.9,"birm"
"2",1976,2.2,"birm"
"3",1980,2.4,"birm"
"4",1990,2.5,"birm"
"5",1999,2.7,"birm"
"6",2000,2.8,"birm"
"7",2001,3.3,"birm"
"8",2002,3.3,"birm"
"9",2003,3.1,"birm"
"10",2004,2.7,"birm"
"11",2006,3.5,"birm"
"12",2012,3.5,"birm"
"13",2015,3.1,"birm"
"14",2018,3.4,"birm"
"15",1950,2.3,"mobi"
"16",1966,3,"mobi"
"17",1970,3.5,"mobi"
"18",1976,3.9,"mobi"
"19",1980,4,"mobi"
"20",1990,4.3,"mobi"
"21",1999,4.5,"mobi"
"22",2000,4.8,"mobi"
"23",2001,4.1,"mobi"
"24",2002,4.2,"mobi"
"25",2003,4,"mobi"
"26",2004,4,"mobi"
"27",2013,3.8,"mobi"
"28",2016,4.3,"mobi"
"29",1950,9,"fair"
"30",1966,15.3,"fair"
"31",1970,14.5,"fair"
"32",1976,13,"fair"
"33",1980,12,"fair"
"34",1990,13.6,"fair"
"35",1999,11.9,"fair"
"36",2000,12,"fair"
"37",2001,11.8,"fair"
"38",2002,12.2,"fair"
"39",2003,13.1,"fair"
"40",2004,12.4,"fair"
"41",2006,11.3,"fair"
"42",2013,8.5,"fair"
"43",2016,7.4,"fair"
"44",1966,7.5,"june"
"45",1968,7.1,"june"
"46",1976,11.2,"june"
"47",1980,9.7,"june"
"48",1990,10.1,"june"
"49",1999,8.1,"june"
"50",2000,8.3,"june"
"51",2001,7.4,"june"
"52",2002,8.5,"june"
"53",2003,8.8,"june"
"54",2004,7.4,"june"
"55",2006,10.2,"june"
"56",2011,13.4,"june"
"57",2013,13.4,"june"
"58",2016,13.3,"june"
"59",1950,28,"gall"
"60",1966,38,"gall"
"61",1968,27.5,"gall"
"62",1976,17.8,"gall"
"63",1980,14.9,"gall"
"64",1990,10.2,"gall"
"65",1999,11.7,"gall"
"66",2000,14.3,"gall"
"67",2001,14.3,"gall"
"68",2002,12.9,"gall"
"69",2003,11.3,"gall"
"70",2004,13.2,"gall"
"71",2006,12.8,"gall"
"72",2013,12.5,"gall"
"73",2016,12.5,"gall"
"74",1970,13.5,"phoe"
"75",1976,17,"phoe"
"76",1980,17.7,"phoe"
"77",1990,14.4,"phoe"
"78",1999,13.6,"phoe"
"79",2000,13.9,"phoe"
"80",2001,13.9,"phoe"
"81",2002,13.1,"phoe"
"82",2003,14.5,"phoe"
"83",2004,15.3,"phoe"
"84",2013,18.1,"phoe"
"85",2016,25.1,"phoe"
"86",1950,31.8,"tucs"
"87",1966,27.7,"tucs"
"88",1970,23.2,"tucs"
"89",1976,24.2,"tucs"
"90",1980,23,"tucs"
"91",1990,28.4,"tucs"
"92",1999,25.7,"tucs"
"93",2000,20.7,"tucs"
"94",2001,22.6,"tucs"
"95",2002,22.8,"tucs"
"96",2003,23,"tucs"
"97",2004,23.1,"tucs"
"98",2010,22.6,"tucs"
"99",2014,22.6,"tucs"
"100",2016,20.5,"tucs"
"101",2017,19.8,"tucs"
"102",1950,1.9,"litt"
"103",1966,2.6,"litt"
"104",1976,2.8,"litt"
"105",1980,2.6,"litt"
"106",1990,2.6,"litt"
"107",1999,3.5,"litt"
"108",2000,3.6,"litt"
"109",2001,3.7,"litt"
"110",2002,3.8,"litt"
"111",2003,3.8,"litt"
"112",2004,3.9,"litt"
"113",2011,4.6,"litt"
"114",2013,4.8,"litt"
"115",2017,5.2,"litt"
"116",1970,22.6,"fres"
"117",1976,22.4,"fres"
"118",1990,18.7,"fres"
"119",1999,15.4,"fres"
"120",2000,14.8,"fres"
"121",2001,15.5,"fres"
"122",2002,14.1,"fres"
"123",2003,25,"fres"
"124",2004,23.9,"fres"
"125",2006,22.5,"fres"
"126",2009,39,"fres"
"127",2010,39,"fres"
"128",2013,39,"fres"
"129",2016,41.3,"fres"
"130",1950,18.3,"losa"
"131",1966,18.6,"losa"
"132",1976,23.4,"losa"
"133",1980,26.2,"losa"
"134",1990,35.3,"losa"
"135",1999,38.3,"losa"
"136",2000,39.4,"losa"
"137",2001,37.5,"losa"
"138",2002,38.2,"losa"
"139",2003,38.2,"losa"
"140",2004,37.6,"losa"
"141",2009,39.7,"losa"
"142",2013,36.1,"losa"
"143",2016,37.9,"losa"
"144",1950,38.1,"mont"
"145",1954,27.8,"mont"
"146",1966,26.1,"mont"
"147",1970,20,"mont"
"148",1976,20,"mont"
"149",1980,19.7,"mont"
"150",1990,19.8,"mont"
"151",1999,20,"mont"
"152",2000,33,"mont"
"153",2001,33,"mont"
"154",2002,33,"mont"
"155",2003,33,"mont"
"156",2004,20,"mont"
"157",2013,20,"mont"
"158",2016,20,"mont"
"159",1962,25,"oakl"
"160",1970,20,"oakl"
"161",1976,20.1,"oakl"
"162",1980,22.7,"oakl"
"163",1990,22.1,"oakl"
"164",1999,22,"oakl"
"165",2000,22,"oakl"
"166",2001,18.3,"oakl"
"167",2002,18.3,"oakl"
"168",2003,17.8,"oakl"
"169",2004,21.5,"oakl"
"170",2006,21.5,"oakl"
"171",2011,21.4,"oakl"
"172",2013,21.4,"oakl"
"173",2016,19.9,"oakl"
"174",1976,19,"oran"
"175",1980,18.4,"oran"
"176",1990,22.2,"oran"
"177",1999,23,"oran"
"178",2000,37.8,"oran"
"179",2001,37.8,"oran"
"180",2002,39,"oran"
"181",2003,39,"oran"
"182",2004,39,"oran"
"183",2010,42.5,"oran"
"184",2013,40.9,"oran"
"185",2016,49.2,"oran"
"186",1950,25,"sacr"
"187",1966,14.8,"sacr"
"188",1970,15.5,"sacr"
"189",1976,13.7,"sacr"
"190",1980,12.9,"sacr"
"191",1990,14.2,"sacr"
"192",1999,15.8,"sacr"
"193",2000,15.8,"sacr"
"194",2001,15.8,"sacr"
"195",2002,16,"sacr"
"196",2003,16.1,"sacr"
"197",2004,16.1,"sacr"
"198",2010,27.8,"sacr"
"199",2014,27.8,"sacr"
"200",2017,27.9,"sacr"
"201",1980,17.3,"snbe"
"202",1990,18.7,"snbe"
"203",1999,27,"snbe"
"204",2000,28.3,"snbe"
"205",2001,28,"snbe"
"206",2002,29,"snbe"
"207",2003,29.4,"snbe"
"208",2004,28.6,"snbe"
"209",2010,26,"snbe"
"210",2014,33.1,"snbe"
"211",2017,38,"snbe"
"212",1950,15.4,"sndi"
"213",1966,12.9,"sndi"
"214",1970,25,"sndi"
"215",1976,19.5,"sndi"
"216",1980,18.6,"sndi"
"217",1990,19,"sndi"
"218",1999,27.1,"sndi"
"219",2000,28.2,"sndi"
"220",2001,29.3,"sndi"
"221",2002,30.5,"sndi"
"222",2003,29.5,"sndi"
"223",2004,30.6,"sndi"
"224",2010,31.5,"sndi"
"225",2014,31.4,"sndi"
"226",2017,39.9,"sndi"
"227",1950,21.7,"snfr"
"228",1966,33.7,"snfr"
"229",1970,33.4,"snfr"
"230",1976,23.5,"snfr"
"231",1980,23.4,"snfr"
"232",1990,24.7,"snfr"
"233",1999,24.8,"snfr"
"234",2000,24,"snfr"
"235",2001,24,"snfr"
"236",2002,24.4,"snfr"
"237",2003,24.4,"snfr"
"238",2004,24.4,"snfr"
"239",2010,24,"snfr"
"240",2012,30.7,"snfr"
"241",2017,24.9,"snfr"
"242",1990,25,"snjo"
"243",1999,24.9,"snjo"
"244",2000,25,"snjo"
"245",2001,34.3,"snjo"
"246",2002,34.7,"snjo"
"247",2003,35,"snjo"
"248",2004,34.5,"snjo"
"249",2010,36.3,"snjo"
"250",2012,36.4,"snjo"
"251",2014,36.4,"snjo"
"252",2017,33,"snjo"
"253",1966,18.3,"snro"
"254",1970,14.1,"snro"
"255",1976,14.2,"snro"
"256",1980,15.9,"snro"
"257",1990,14.7,"snro"
"258",1999,19,"snro"
"259",2000,19.2,"snro"
"260",2001,19.4,"snro"
"261",2002,19.7,"snro"
"262",2003,20.1,"snro"
"263",2004,20.4,"snro"
"264",2010,18.6,"snro"
"265",2014,18.6,"snro"
"266",2017,19,"snro"
"267",1966,17.9,"stoc"
"268",1970,18.3,"stoc"
"269",1976,18.5,"stoc"
"270",1980,17.9,"stoc"
"271",1990,18.1,"stoc"
"272",1999,16,"stoc"
"273",2000,17.1,"stoc"
"274",2001,18.6,"stoc"
"275",2002,19.3,"stoc"
"276",2003,17.4,"stoc"
"277",2004,16.8,"stoc"
"278",2010,17.8,"stoc"
"279",2014,17.8,"stoc"
"280",2016,18.4,"stoc"
"281",2017,18.4,"stoc"
"282",1990,12.7,"colo"
"283",1999,11.6,"colo"
"284",2000,11.4,"colo"
"285",2001,17.4,"colo"
"286",2002,15.3,"colo"
"287",2003,15.9,"colo"
"288",2004,16,"colo"
"289",2006,19,"colo"
"290",2013,19.2,"colo"
"291",2016,16,"colo"
"292",1950,11.8,"denv"
"293",1966,19.4,"denv"
"294",1970,17.6,"denv"
"295",1976,14.8,"denv"
"296",1980,13.3,"denv"
"297",1990,14.2,"denv"
"298",1999,13.1,"denv"
"299",2000,13.4,"denv"
"300",2001,13.7,"denv"
"301",2002,12.8,"denv"
"302",2003,12.7,"denv"
"303",2004,11.5,"denv"
"304",2006,13,"denv"
"305",2010,16.4,"denv"
"306",2013,16.2,"denv"
"307",2016,16.2,"denv"
"308",1950,24.3,"pueb"
"309",1966,28.4,"pueb"
"310",1970,24.2,"pueb"
"311",1976,24.3,"pueb"
"312",1980,24.9,"pueb"
"313",1990,17.9,"pueb"
"314",1999,18,"pueb"
"315",2000,18,"pueb"
"316",2001,18.1,"pueb"
"317",2002,18.4,"pueb"
"318",2003,18.3,"pueb"
"319",2004,18.3,"pueb"
"320",2013,19.3,"pueb"
"321",2016,26.1,"pueb"
"322",1959,44.6,"brid"
"323",1966,41.9,"brid"
"324",1970,40.4,"brid"
"325",1976,40.1,"brid"
"326",1980,40.7,"brid"
"327",1990,42.9,"brid"
"328",1999,43.3,"brid"
"329",2000,43.3,"brid"
"330",2001,43.3,"brid"
"331",2002,41.1,"brid"
"332",2003,41.3,"brid"
"333",2004,45.8,"brid"
"334",2006,45.4,"brid"
"335",2012,50.2,"brid"
"336",2015,44.7,"brid"
"337",1950,39.2,"hart"
"338",1966,47,"hart"
"339",1970,49.1,"hart"
"340",1976,47.7,"hart"
"341",1980,45.2,"hart"
"342",1990,45,"hart"
"343",1999,41.9,"hart"
"344",2000,41.2,"hart"
"345",2001,41.3,"hart"
"346",2002,38.6,"hart"
"347",2003,37.3,"hart"
"348",2004,37,"hart"
"349",2006,35.9,"hart"
"350",2013,36,"hart"
"351",2016,35.9,"hart"
"352",1966,39.7,"norw"
"353",1970,46.4,"norw"
"354",1976,34.7,"norw"
"355",1980,33.9,"norw"
"356",1990,33.3,"norw"
"357",1999,35.1,"norw"
"358",2000,35.5,"norw"
"359",2001,35.8,"norw"
"360",2002,34.5,"norw"
"361",2003,34,"norw"
"362",2004,33.9,"norw"
"363",2013,34.1,"norw"
"364",2016,32.3,"norw"
"365",1948,7.6,"wilm"
"366",1966,16.2,"wilm"
"367",1970,14.3,"wilm"
"368",1976,14.1,"wilm"
"369",1980,14.1,"wilm"
"370",1990,13.5,"wilm"
"371",1999,15.7,"wilm"
"372",2000,17.3,"wilm"
"373",2001,18,"wilm"
"374",2002,18.2,"wilm"
"375",2003,18.3,"wilm"
"376",2004,18.5,"wilm"
"377",2010,18.1,"wilm"
"378",2014,17.6,"wilm"
"379",2017,16.5,"wilm"
"380",1966,18.4,"miam"
"381",1976,23.5,"miam"
"382",1980,24.4,"miam"
"383",1990,19.8,"miam"
"384",1999,21.9,"miam"
"385",2000,21.4,"miam"
"386",2001,21.5,"miam"
"387",2002,21,"miam"
"388",2003,21.4,"miam"
"389",2004,21.2,"miam"
"390",2009,20,"miam"
"391",2013,16.8,"miam"
"392",2016,16.8,"miam"
"393",1970,11.3,"orla"
"394",1976,9.7,"orla"
"395",1980,9,"orla"
"396",1990,8.7,"orla"
"397",1999,10.5,"orla"
"398",2000,10.9,"orla"
"399",2001,10.7,"orla"
"400",2002,10.5,"orla"
"401",2003,10.5,"orla"
"402",2004,10.2,"orla"
"403",2009,10,"orla"
"404",2013,9.6,"orla"
"405",2016,8.4,"orla"
"406",1990,12.6,"palm"
"407",1999,15.5,"palm"
"408",2000,13.3,"palm"
"409",2001,16.5,"palm"
"410",2002,15.4,"palm"
"411",2003,16.3,"palm"
"412",2004,14.4,"palm"
"413",2013,14.1,"palm"
"414",2016,14.1,"palm"
"415",1976,5.4,"pens"
"416",1980,5,"pens"
"417",1990,4.7,"pens"
"418",1999,5.2,"pens"
"419",2000,5.2,"pens"
"420",2001,5.5,"pens"
"421",2002,5.6,"pens"
"422",2003,4.9,"pens"
"423",2004,4.9,"pens"
"424",2010,5.4,"pens"
"425",2013,5.4,"pens"
"426",2016,4.6,"pens"
"427",1950,2.6,"stau"
"428",1966,6.7,"stau"
"429",1970,4.9,"stau"
"430",1976,6.1,"stau"
"431",1980,6.1,"stau"
"432",1990,7,"stau"
"433",1999,8.4,"stau"
"434",2000,8.5,"stau"
"435",2001,8.9,"stau"
"436",2002,8.6,"stau"
"437",2003,9.2,"stau"
"438",2004,9.2,"stau"
"439",2010,8.7,"stau"
"440",2014,9.1,"stau"
"441",2017,8.9,"stau"
"442",1970,9.4,"stpe"
"443",1976,10.1,"stpe"
"444",1980,11.2,"stpe"
"445",1990,13.2,"stpe"
"446",1999,15,"stpe"
"447",2000,15,"stpe"
"448",2001,15,"stpe"
"449",2002,15,"stpe"
"450",2003,15,"stpe"
"451",2004,15,"stpe"
"452",2010,14.8,"stpe"
"453",2014,14.8,"stpe"
"454",2017,14.8,"stpe"
"455",1990,12.7,"veni"
"456",1999,12.3,"veni"
"457",2000,12.4,"veni"
"458",2001,12.5,"veni"
"459",2002,12.4,"veni"
"460",2003,12.9,"veni"
"461",2004,12.7,"veni"
"462",2010,12.4,"veni"
"463",2014,12.3,"veni"
"464",2017,10.9,"veni"
"465",1959,1.4,"atla"
"466",1966,2,"atla"
"467",1970,2.1,"atla"
"468",1976,2.2,"atla"
"469",1980,3.1,"atla"
"470",1990,4.1,"atla"
"471",1999,6.3,"atla"
"472",2000,6.4,"atla"
"473",2001,4.8,"atla"
"474",2002,6.1,"atla"
"475",2003,6.4,"atla"
"476",2004,6.3,"atla"
"477",2006,6.3,"atla"
"478",2009,11.7,"atla"
"479",2010,12.3,"atla"
"480",2012,12.2,"atla"
"481",2013,12.2,"atla"
"482",2014,14,"atla"
"483",2015,14,"atla"
"484",2018,15.6,"atla"
"485",1950,1,"sava"
"486",1966,1.9,"sava"
"487",1970,1.9,"sava"
"488",1976,2.4,"sava"
"489",1980,3,"sava"
"490",1990,2.5,"sava"
"491",1999,3,"sava"
"492",2000,3,"sava"
"493",2001,3.1,"sava"
"494",2002,2.9,"sava"
"495",2003,3,"sava"
"496",2004,2.9,"sava"
"497",2010,2.9,"sava"
"498",2014,3,"sava"
"499",2016,3,"sava"
"500",2017,2.6,"sava"
"501",1950,27.6,"hono"
"502",1966,30.3,"hono"
"503",1970,26,"hono"
"504",1976,24.2,"hono"
"505",1980,23.4,"hono"
"506",1990,20.2,"hono"
"507",1999,19.9,"hono"
"508",2000,20,"hono"
"509",2001,18.1,"hono"
"510",2002,21.5,"hono"
"511",2003,19.2,"hono"
"512",2004,18.8,"hono"
"513",2006,18.8,"hono"
"514",2013,19.8,"hono"
"515",2016,18.8,"hono"
"516",1950,5.3,"bois"
"517",1959,6,"bois"
"518",1966,6.8,"bois"
"519",1970,7,"bois"
"520",1976,7.9,"bois"
"521",1980,7.7,"bois"
"522",1990,7,"bois"
"523",1999,9.8,"bois"
"524",2000,10.1,"bois"
"525",2001,10,"bois"
"526",2002,9.8,"bois"
"527",2003,10,"bois"
"528",2004,10.8,"bois"
"529",2006,10.4,"bois"
"530",2012,11,"bois"
"531",2015,11,"bois"
"532",2018,11,"bois"
"533",1950,10.5,"bell"
"534",1966,15,"bell"
"535",1970,14.7,"bell"
"536",1976,14.5,"bell"
"537",1980,14.8,"bell"
"538",1990,14,"bell"
"539",1999,12.8,"bell"
"540",2000,12.4,"bell"
"541",2001,12.6,"bell"
"542",2002,12.3,"bell"
"543",2003,12.7,"bell"
"544",2004,12.3,"bell"
"545",2006,13,"bell"
"546",2012,13.2,"bell"
"547",2015,13.2,"bell"
"548",1950,39.9,"chic"
"549",1959,43.2,"chic"
"550",1966,40.9,"chic"
"551",1970,42.1,"chic"
"552",1976,40.8,"chic"
"553",1980,41.9,"chic"
"554",1990,40.7,"chic"
"555",1999,41.5,"chic"
"556",2000,42,"chic"
"557",2001,41.3,"chic"
"558",2002,40.4,"chic"
"559",2004,40,"chic"
"560",2006,39,"chic"
"561",2009,39,"chic"
"562",2010,39,"chic"
"563",2013,39,"chic"
"564",2016,39.1,"chic"
"565",1949,25.5,"joli"
"566",1965,34,"joli"
"567",1970,33.6,"joli"
"568",1976,35.3,"joli"
"569",1980,34.5,"joli"
"570",1990,33.7,"joli"
"571",1999,36,"joli"
"572",2000,38.2,"joli"
"573",2001,36.8,"joli"
"574",2002,37,"joli"
"575",2003,36.6,"joli"
"576",2004,36,"joli"
"577",2006,36.2,"joli"
"578",2010,34.4,"joli"
"579",2013,34.3,"joli"
"580",2015,31.1,"joli"
"581",2016,31.4,"joli"
"582",1950,13.5,"peor"
"583",1966,15.4,"peor"
"584",1970,15.5,"peor"
"585",1976,15.5,"peor"
"586",1980,15.6,"peor"
"587",1990,16.1,"peor"
"588",1999,16.1,"peor"
"589",2000,16.6,"peor"
"590",2001,15.4,"peor"
"591",2002,10.4,"peor"
"592",2003,13.4,"peor"
"593",2004,12.5,"peor"
"594",2013,9.9,"peor"
"595",2016,9.9,"peor"
"596",1950,12.9,"rock"
"597",1966,23.2,"rock"
"598",1970,24.3,"rock"
"599",1976,22.4,"rock"
"600",1980,22.6,"rock"
"601",1990,21.7,"rock"
"602",1999,26.3,"rock"
"603",2000,28.9,"rock"
"604",2001,28.6,"rock"
"605",2002,28.7,"rock"
"606",2003,28.6,"rock"
"607",2004,28.1,"rock"
"608",2010,27.1,"rock"
"609",2014,23.6,"rock"
"610",2017,23.6,"rock"
"611",1950,11.8,"spil"
"612",1966,17,"spil"
"613",1970,17.9,"spil"
"614",1976,16.7,"spil"
"615",1980,16.4,"spil"
"616",1990,14.6,"spil"
"617",1999,14.8,"spil"
"618",2000,15,"spil"
"619",2001,15.4,"spil"
"620",2002,14.9,"spil"
"621",2003,15.6,"spil"
"622",2004,14.6,"spil"
"623",2009,13.9,"spil"
"624",2010,13.9,"spil"
"625",2014,13.9,"spil"
"626",2017,11.7,"spil"
"627",1950,14.5,"evan"
"628",1966,19.4,"evan"
"629",1970,19.9,"evan"
"630",1976,20.6,"evan"
"631",1980,20.5,"evan"
"632",1990,17.3,"evan"
"633",1999,18.6,"evan"
"634",2000,18.9,"evan"
"635",2001,18.7,"evan"
"636",2002,18.1,"evan"
"637",2003,18.2,"evan"
"638",2004,18.1,"evan"
"639",2006,17.7,"evan"
"640",2010,17.5,"evan"
"641",2013,17.6,"evan"
"642",2016,14.9,"evan"
"643",1970,6.6,"fort"
"644",1976,5.4,"fort"
"645",1980,6,"fort"
"646",1990,7.6,"fort"
"647",1999,8.7,"fort"
"648",2000,8.8,"fort"
"649",2001,9.2,"fort"
"650",2002,15,"fort"
"651",2003,14.8,"fort"
"652",2004,14.5,"fort"
"653",2006,15.4,"fort"
"654",2011,21.6,"fort"
"655",2016,25.5,"fort"
"656",1966,25.2,"gary"
"657",1970,22,"gary"
"658",1976,24.7,"gary"
"659",1980,24.4,"gary"
"660",1990,26.7,"gary"
"661",1999,24.3,"gary"
"662",2000,24.3,"gary"
"663",2001,24.5,"gary"
"664",2002,24.4,"gary"
"665",2003,24.3,"gary"
"666",2004,24.1,"gary"
"667",2006,23.8,"gary"
"668",2013,23.4,"gary"
"669",2016,23.4,"gary"
"670",1950,8.3,"indi"
"671",1966,11.4,"indi"
"672",1970,11.7,"indi"
"673",1976,10,"indi"
"674",1980,9.7,"indi"
"675",1990,8.8,"indi"
"676",1999,9.9,"indi"
"677",2000,9.3,"indi"
"678",2001,9.4,"indi"
"679",2002,9.6,"indi"
"680",2003,9.4,"indi"
"681",2004,9.5,"indi"
"682",2006,9.5,"indi"
"683",2010,9.5,"indi"
"684",2013,9.5,"indi"
"685",2016,9.5,"indi"
"686",1950,64.1,"lafa"
"687",1966,56.9,"lafa"
"688",1970,56.1,"lafa"
"689",1976,58,"lafa"
"690",1980,51.6,"lafa"
"691",1990,59.2,"lafa"
"692",1999,60.2,"lafa"
"693",2000,64.8,"lafa"
"694",2001,64.8,"lafa"
"695",2002,58.3,"lafa"
"696",2003,57.3,"lafa"
"697",2004,56.7,"lafa"
"698",2013,52.5,"lafa"
"699",2016,52.4,"lafa"
"700",1950,12.4,"dave"
"701",1966,15.4,"dave"
"702",1970,15.6,"dave"
"703",1976,15.3,"dave"
"704",1980,14.9,"dave"
"705",1990,13.6,"dave"
"706",1999,14.7,"dave"
"707",2000,14.5,"dave"
"708",2001,14.6,"dave"
"709",2002,14.4,"dave"
"710",2003,14.1,"dave"
"711",2004,14.2,"dave"
"712",2006,13.9,"dave"
"713",2013,13.3,"dave"
"714",2016,12.2,"dave"
"715",1950,8,"desm"
"716",1966,12.5,"desm"
"717",1970,12.8,"desm"
"718",1976,12.6,"desm"
"719",1980,12.7,"desm"
"720",1990,13.6,"desm"
"721",1999,14.8,"desm"
"722",2000,14.2,"desm"
"723",2001,14.2,"desm"
"724",2002,14.5,"desm"
"725",2003,13.6,"desm"
"726",2004,13,"desm"
"727",2006,12.3,"desm"
"728",2013,12.3,"desm"
"729",2016,13.2,"desm"
"730",1950,18.4,"dubu"
"731",1966,23.5,"dubu"
"732",1970,25.3,"dubu"
"733",1976,25.5,"dubu"
"734",1980,25.4,"dubu"
"735",1990,21.7,"dubu"
"736",1999,23.6,"dubu"
"737",2000,25.7,"dubu"
"738",2001,23.7,"dubu"
"739",2002,23,"dubu"
"740",2003,22.9,"dubu"
"741",2004,22.8,"dubu"
"742",2006,22.9,"dubu"
"743",2013,20.1,"dubu"
"744",2016,18.7,"dubu"
"745",1950,15,"siou"
"746",1966,19.6,"siou"
"747",1970,21.1,"siou"
"748",1976,21.5,"siou"
"749",1980,21.5,"siou"
"750",1990,21.1,"siou"
"751",1999,17.7,"siou"
"752",2000,20.3,"siou"
"753",2001,20.8,"siou"
"754",2002,20.4,"siou"
"755",2003,20.2,"siou"
"756",2004,20.1,"siou"
"757",2010,19.4,"siou"
"758",2014,19.9,"siou"
"759",2017,18.3,"siou"
"760",1966,15.2,"dodg"
"761",1970,16,"dodg"
"762",1976,16.2,"dodg"
"763",1980,17,"dodg"
"764",1990,18.9,"dodg"
"765",1999,20,"dodg"
"766",2000,20,"dodg"
"767",2001,20.2,"dodg"
"768",2002,19.3,"dodg"
"769",2003,24.1,"dodg"
"770",2004,27.2,"dodg"
"771",2006,27.2,"dodg"
"772",2010,27.2,"dodg"
"773",2013,27.3,"dodg"
"774",2016,23.4,"dodg"
"775",1950,12.9,"sali"
"776",1966,17.1,"sali"
"777",1970,17.3,"sali"
"778",1976,17.6,"sali"
"779",1980,18.3,"sali"
"780",1990,17.4,"sali"
"781",1999,16.1,"sali"
"782",2000,15.3,"sali"
"783",2001,15.7,"sali"
"784",2002,15.1,"sali"
"785",2003,14.9,"sali"
"786",2004,14.7,"sali"
"787",2010,14.1,"sali"
"788",2014,12.1,"sali"
"789",2017,13.2,"sali"
"790",1950,7.6,"wich"
"791",1966,9.4,"wich"
"792",1970,10.3,"wich"
"793",1976,10.9,"wich"
"794",1980,11.5,"wich"
"795",1990,11.4,"wich"
"796",1999,12,"wich"
"797",2000,12.3,"wich"
"798",2001,12.1,"wich"
"799",2002,12.2,"wich"
"800",2003,12.2,"wich"
"801",2004,12.2,"wich"
"802",2010,12.8,"wich"
"803",2014,12.8,"wich"
"804",2017,11.3,"wich"
"805",1950,5.3,"covi"
"806",1966,7.1,"covi"
"807",1970,7.4,"covi"
"808",1976,7,"covi"
"809",1980,7.2,"covi"
"810",1990,20.1,"covi"
"811",1999,21.2,"covi"
"812",2000,21.4,"covi"
"813",2001,22.2,"covi"
"814",2002,19,"covi"
"815",2003,18.9,"covi"
"816",2004,19.3,"covi"
"817",2006,19.6,"covi"
"818",2013,17.7,"covi"
"819",2016,16.9,"covi"
"820",1990,2.9,"lexi"
"821",1999,2.9,"lexi"
"822",2000,3.3,"lexi"
"823",2001,3.3,"lexi"
"824",2002,3.1,"lexi"
"825",2003,3,"lexi"
"826",2004,3.1,"lexi"
"827",2013,3,"lexi"
"828",2016,2.7,"lexi"
"829",1950,14.6,"loui"
"830",1965,17.9,"loui"
"831",1970,17.9,"loui"
"832",1976,16.1,"loui"
"833",1980,15.9,"loui"
"834",1990,17,"loui"
"835",1999,15.7,"loui"
"836",2000,16.3,"loui"
"837",2001,16.2,"loui"
"838",2002,16.2,"loui"
"839",2003,16.2,"loui"
"840",2004,17.6,"loui"
"841",2006,17.6,"loui"
"842",2010,17.7,"loui"
"843",2013,16.4,"loui"
"844",2016,20.2,"loui"
"845",1950,5.1,"owen"
"846",1966,7.2,"owen"
"847",1970,7.6,"owen"
"848",1976,7.2,"owen"
"849",1980,7.3,"owen"
"850",1990,6.9,"owen"
"851",1999,6.6,"owen"
"852",2000,6.4,"owen"
"853",2001,6.6,"owen"
"854",2002,6.3,"owen"
"855",2003,6.2,"owen"
"856",2004,6.2,"owen"
"857",2013,5.7,"owen"
"858",2016,5.7,"owen"
"859",1950,5.8,"alex"
"860",1959,8.5,"alex"
"861",1966,9.1,"alex"
"862",1970,4.3,"alex"
"863",1976,6.8,"alex"
"864",1980,7.4,"alex"
"865",1990,11.3,"alex"
"866",1999,12,"alex"
"867",2000,12,"alex"
"868",2001,12.2,"alex"
"869",2002,12.1,"alex"
"870",2003,12.3,"alex"
"871",2004,12.2,"alex"
"872",2006,12.4,"alex"
"873",2012,11.3,"alex"
"874",2015,9.6,"alex"
"875",1980,71.4,"houm"
"876",1990,62.1,"houm"
"877",1999,64.5,"houm"
"878",2000,62.4,"houm"
"879",2001,62.4,"houm"
"880",2002,63.4,"houm"
"881",2003,63.4,"houm"
"882",2004,63.4,"houm"
"883",2006,58.9,"houm"
"884",2013,57,"houm"
"885",2016,57,"houm"
"886",1990,32.1,"lake"
"887",1999,32.7,"lake"
"888",2000,31.2,"lake"
"889",2001,30.9,"lake"
"890",2002,25.7,"lake"
"891",2003,30.5,"lake"
"892",2004,29,"lake"
"893",2013,29.5,"lake"
"894",2016,29.6,"lake"
"895",1949,43.9,"newo"
"896",1966,47,"newo"
"897",1970,46.1,"newo"
"898",1976,48.4,"newo"
"899",1980,41.9,"newo"
"900",1990,39.3,"newo"
"901",1999,36.2,"newo"
"902",2000,35.2,"newo"
"903",2001,36.8,"newo"
"904",2002,35.9,"newo"
"905",2003,36,"newo"
"906",2004,35.9,"newo"
"907",2009,36,"newo"
"908",2013,42,"newo"
"909",2016,40,"newo"
"910",1990,5,"shre"
"911",1999,4.9,"shre"
"912",2000,5,"shre"
"913",2001,5,"shre"
"914",2002,5.1,"shre"
"915",2003,5,"shre"
"916",2004,5,"shre"
"917",2010,4.9,"shre"
"918",2014,4.9,"shre"
"919",2017,5.1,"shre"
"920",1950,10.3,"port"
"921",1966,11.7,"port"
"922",1976,12.9,"port"
"923",1980,13.4,"port"
"924",1990,10.4,"port"
"925",1999,10.4,"port"
"926",2000,10.4,"port"
"927",2001,10.4,"port"
"928",2002,11.8,"port"
"929",2003,11.8,"port"
"930",2004,12.8,"port"
"931",2010,12.7,"port"
"932",2012,12.5,"port"
"933",2013,12.5,"port"
"934",2016,12.5,"port"
"935",1950,19.7,"balt"
"936",1959,16.1,"balt"
"937",1964,22.7,"balt"
"938",1970,18.9,"balt"
"939",1976,18.8,"balt"
"940",1980,14.4,"balt"
"941",1990,17.7,"balt"
"942",1999,17,"balt"
"943",2000,17,"balt"
"944",2001,16.8,"balt"
"945",2002,16.9,"balt"
"946",2003,16.8,"balt"
"947",2004,16.8,"balt"
"948",2006,16.9,"balt"
"949",2010,16,"balt"
"950",2012,16.2,"balt"
"951",2015,15.8,"balt"
"952",2018,15.9,"balt"
"953",1950,14.3,"wash"
"954",1966,20.7,"wash"
"955",1970,17,"wash"
"956",1976,19,"wash"
"957",1980,18.9,"wash"
"958",1990,18.2,"wash"
"959",1999,21.1,"wash"
"960",2000,21.3,"wash"
"961",2001,22.6,"wash"
"962",2002,23,"wash"
"963",2003,22.6,"wash"
"964",2004,21.7,"wash"
"965",2010,22,"wash"
"966",2013,22,"wash"
"967",2014,22,"wash"
"968",2016,21.9,"wash"
"969",2017,22,"wash"
"970",1950,44.1,"bost"
"971",1959,52.1,"bost"
"972",1966,54.4,"bost"
"973",1976,46.8,"bost"
"974",1980,34.8,"bost"
"975",1990,50,"bost"
"976",1999,54.3,"bost"
"977",2000,53.7,"bost"
"978",2001,52.8,"bost"
"979",2002,53.2,"bost"
"980",2003,52.7,"bost"
"981",2004,52.3,"bost"
"982",2006,46.4,"bost"
"983",2012,45.6,"bost"
"984",2013,45,"bost"
"985",2015,47,"bost"
"986",2018,45.6,"bost"
"987",1950,48.7,"fall"
"988",1966,56.2,"fall"
"989",1970,60.2,"fall"
"990",1976,60.7,"fall"
"991",1980,60.6,"fall"
"992",1990,50,"fall"
"993",1999,47.3,"fall"
"994",2000,49.1,"fall"
"995",2001,44.2,"fall"
"996",2002,59.3,"fall"
"997",2003,42,"fall"
"998",2006,41.8,"fall"
"999",2013,37.8,"fall"
"1000",2016,34.7,"fall"
"1001",1950,47.5,"spma"
"1002",1966,52.4,"spma"
"1003",1968,52,"spma"
"1004",1976,44.5,"spma"
"1005",1980,44.6,"spma"
"1006",1990,37.4,"spma"
"1007",1999,36.1,"spma"
"1008",2000,34.5,"spma"
"1009",2001,37.8,"spma"
"1010",2002,33.2,"spma"
"1011",2003,31.8,"spma"
"1012",2004,30.1,"spma"
"1013",2010,28.6,"spma"
"1014",2014,28.6,"spma"
"1015",2017,24.4,"spma"
"1016",1950,49.3,"worc"
"1017",1966,56.9,"worc"
"1018",1970,54.5,"worc"
"1019",1976,54,"worc"
"1020",1980,51.2,"worc"
"1021",1990,50.1,"worc"
"1022",1999,38.2,"worc"
"1023",2000,39,"worc"
"1024",2001,38.7,"worc"
"1025",2002,40.6,"worc"
"1026",2003,51.3,"worc"
"1027",2004,48.4,"worc"
"1028",2010,48.6,"worc"
"1029",2014,48.6,"worc"
"1030",2017,34.1,"worc"
"1031",1950,28.9,"detr"
"1032",1966,31.1,"detr"
"1033",1968,32.2,"detr"
"1034",1976,33.3,"detr"
"1035",1980,26.9,"detr"
"1036",1990,35.2,"detr"
"1037",1999,34.1,"detr"
"1038",2000,33.8,"detr"
"1039",2001,33.8,"detr"
"1040",2002,33,"detr"
"1041",2003,32.3,"detr"
"1042",2004,33.4,"detr"
"1043",2006,32.5,"detr"
"1044",2013,33.2,"detr"
"1045",2016,27.2,"detr"
"1046",1976,24.7,"gayl"
"1047",1980,20,"gayl"
"1048",1990,21.9,"gayl"
"1049",1999,17.9,"gayl"
"1050",2000,17.3,"gayl"
"1051",2001,17.4,"gayl"
"1052",2002,16.5,"gayl"
"1053",2003,16.1,"gayl"
"1054",2004,15.3,"gayl"
"1055",2006,13.7,"gayl"
"1056",2012,13.7,"gayl"
"1057",2013,13.8,"gayl"
"1058",2016,13.7,"gayl"
"1059",1950,11.2,"gran"
"1060",1966,16.9,"gran"
"1061",1970,13.3,"gran"
"1062",1976,15.9,"gran"
"1063",1980,16.5,"gran"
"1064",1990,15.6,"gran"
"1065",1999,13.2,"gran"
"1066",2000,13.2,"gran"
"1067",2001,13.5,"gran"
"1068",2002,12.6,"gran"
"1069",2003,12.7,"gran"
"1070",2004,12.7,"gran"
"1071",2006,12.7,"gran"
"1072",2013,13.6,"gran"
"1073",2016,14.3,"gran"
"1074",1976,11.1,"kala"
"1075",1980,11.4,"kala"
"1076",1990,11.1,"kala"
"1077",1999,12.6,"kala"
"1078",2000,12.8,"kala"
"1079",2001,12.8,"kala"
"1080",2002,12.5,"kala"
"1081",2003,12.6,"kala"
"1082",2004,12.5,"kala"
"1083",2006,11.5,"kala"
"1084",2011,11.2,"kala"
"1085",2013,11.3,"kala"
"1086",2016,10.7,"kala"
"1087",1950,8,"lans"
"1088",1966,13.3,"lans"
"1089",1970,12.9,"lans"
"1090",1976,14.6,"lans"
"1091",1980,14.6,"lans"
"1092",1990,14.4,"lans"
"1093",1999,12.4,"lans"
"1094",2000,12.9,"lans"
"1095",2001,13,"lans"
"1096",2002,13.4,"lans"
"1097",2003,13.2,"lans"
"1098",2004,12.8,"lans"
"1099",2013,12.2,"lans"
"1100",2016,10.6,"lans"
"1101",1950,28.1,"marq"
"1102",1966,34.8,"marq"
"1103",1970,36.2,"marq"
"1104",1976,31.8,"marq"
"1105",1980,31.2,"marq"
"1106",1990,24.3,"marq"
"1107",1999,22.7,"marq"
"1108",2000,21.2,"marq"
"1109",2001,22.7,"marq"
"1110",2002,22.1,"marq"
"1111",2003,21.9,"marq"
"1112",2004,21.5,"marq"
"1113",2013,21.3,"marq"
"1114",2016,24.1,"marq"
"1115",1950,25.4,"sagi"
"1116",1966,27.1,"sagi"
"1117",1968,29.7,"sagi"
"1118",1976,25,"sagi"
"1119",1980,25.1,"sagi"
"1120",1990,20.9,"sagi"
"1121",1999,20.4,"sagi"
"1122",2000,20.8,"sagi"
"1123",2001,20.8,"sagi"
"1124",2002,19.3,"sagi"
"1125",2003,19.3,"sagi"
"1126",2004,19.3,"sagi"
"1127",2010,19.1,"sagi"
"1128",2014,19,"sagi"
"1129",2017,19,"sagi"
"1130",1950,13.9,"croo"
"1131",1966,19.1,"croo"
"1132",1968,19.3,"croo"
"1133",1976,20.7,"croo"
"1134",1980,19,"croo"
"1135",1990,17.1,"croo"
"1136",1999,17.8,"croo"
"1137",2000,17.4,"croo"
"1138",2001,17.3,"croo"
"1139",2002,17.2,"croo"
"1140",2003,16.7,"croo"
"1141",2004,14.6,"croo"
"1142",2006,14.3,"croo"
"1143",2013,13.2,"croo"
"1144",2016,11.7,"croo"
"1145",1950,24.1,"dulu"
"1146",1966,25.5,"dulu"
"1147",1970,23.9,"dulu"
"1148",1976,22.9,"dulu"
"1149",1980,24.1,"dulu"
"1150",1990,20.3,"dulu"
"1151",1999,19.6,"dulu"
"1152",2000,19,"dulu"
"1153",2001,16.5,"dulu"
"1154",2002,16.6,"dulu"
"1155",2003,16.7,"dulu"
"1156",2004,16.5,"dulu"
"1157",2006,16.6,"dulu"
"1158",2013,12.6,"dulu"
"1159",2016,11.9,"dulu"
"1160",1966,24.8,"newu"
"1161",1970,24.4,"newu"
"1162",1976,26.6,"newu"
"1163",1980,25.7,"newu"
"1164",1990,24.1,"newu"
"1165",1999,25.1,"newu"
"1166",2000,25.6,"newu"
"1167",2001,25.2,"newu"
"1168",2002,24.4,"newu"
"1169",2003,24.4,"newu"
"1170",2004,24.4,"newu"
"1171",2013,23.6,"newu"
"1172",2016,20,"newu"
"1173",1950,28.3,"stcl"
"1174",1966,42.2,"stcl"
"1175",1976,41.5,"stcl"
"1176",1980,42.8,"stcl"
"1177",1990,34.2,"stcl"
"1178",1999,31.2,"stcl"
"1179",2000,30.7,"stcl"
"1180",2001,30.1,"stcl"
"1181",2002,29.6,"stcl"
"1182",2003,33.7,"stcl"
"1183",2004,28.6,"stcl"
"1184",2010,25.5,"stcl"
"1185",2014,23.7,"stcl"
"1186",2017,23.3,"stcl"
"1187",1950,23.9,"stpa"
"1188",1966,30.6,"stpa"
"1189",1968,31.6,"stpa"
"1190",1976,25.7,"stpa"
"1191",1980,26.8,"stpa"
"1192",1990,26.2,"stpa"
"1193",1999,27.3,"stpa"
"1194",2000,27.2,"stpa"
"1195",2001,27.2,"stpa"
"1196",2002,27.1,"stpa"
"1197",2003,26.7,"stpa"
"1198",2004,24.8,"stpa"
"1199",2010,26,"stpa"
"1200",2012,26,"stpa"
"1201",2014,26.3,"stpa"
"1202",2016,26.1,"stpa"
"1203",2017,26.1,"stpa"
"1204",1980,9,"bilo"
"1205",1990,8.7,"bilo"
"1206",1999,9.2,"bilo"
"1207",2000,9.2,"bilo"
"1208",2001,9.1,"bilo"
"1209",2002,9.3,"bilo"
"1210",2003,9.4,"bilo"
"1211",2004,9.1,"bilo"
"1212",2006,8.3,"bilo"
"1213",2012,8.3,"bilo"
"1214",2015,7.3,"bilo"
"1215",2016,7.1,"bilo"
"1216",2018,7.2,"bilo"
"1217",1950,2.3,"jack"
"1218",1966,3.4,"jack"
"1219",1970,3.8,"jack"
"1220",1976,3.7,"jack"
"1221",1980,2.5,"jack"
"1222",1990,2.4,"jack"
"1223",1999,2.3,"jack"
"1224",2000,2.4,"jack"
"1225",2001,2.4,"jack"
"1226",2002,2.4,"jack"
"1227",2003,2.6,"jack"
"1228",2004,2.6,"jack"
"1229",2006,2.4,"jack"
"1230",2012,2.4,"jack"
"1231",2013,2.4,"jack"
"1232",2016,2.1,"jack"
"1233",1966,10.5,"jeff"
"1234",1976,11,"jeff"
"1235",1980,11.5,"jeff"
"1236",1990,11.9,"jeff"
"1237",1999,11.2,"jeff"
"1238",2000,11.2,"jeff"
"1239",2001,10.6,"jeff"
"1240",2002,10.3,"jeff"
"1241",2003,10.2,"jeff"
"1242",2004,10.2,"jeff"
"1243",2006,10.2,"jeff"
"1244",2010,10.4,"jeff"
"1245",2013,10.4,"jeff"
"1246",2016,8.5,"jeff"
"1247",1950,4.5,"kcmo"
"1248",1966,11.5,"kcmo"
"1249",1970,10.5,"kcmo"
"1250",1976,10.9,"kcmo"
"1251",1980,10.5,"kcmo"
"1252",1990,8.9,"kcmo"
"1253",1999,12.1,"kcmo"
"1254",2000,12.6,"kcmo"
"1255",2001,11.3,"kcmo"
"1256",2002,11.3,"kcmo"
"1257",2003,10.9,"kcmo"
"1258",2004,10.4,"kcmo"
"1259",2005,10.2,"kcmo"
"1260",2006,9.8,"kcmo"
"1261",2007,9.8,"kcmo"
"1262",2008,9.8,"kcmo"
"1263",2009,9.8,"kcmo"
"1264",2010,9.1,"kcmo"
"1265",2011,9.1,"kcmo"
"1266",2012,9.1,"kcmo"
"1267",2013,8.5,"kcmo"
"1268",2015,8.6,"kcmo"
"1269",2016,8.1,"kcmo"
"1270",2017,8.2,"kcmo"
"1271",2018,8.4,"kcmo"
"1272",1966,4.4,"spmo"
"1273",1970,4.7,"spmo"
"1274",1976,4.7,"spmo"
"1275",1980,5.7,"spmo"
"1276",1990,4.5,"spmo"
"1277",1999,5,"spmo"
"1278",2000,5,"spmo"
"1279",2001,5.2,"spmo"
"1280",2002,5.9,"spmo"
"1281",2003,5.2,"spmo"
"1282",2004,5.2,"spmo"
"1283",2010,5.4,"spmo"
"1284",2014,5.4,"spmo"
"1285",2017,4.7,"spmo"
"1286",1950,21.7,"stlo"
"1287",1966,28.9,"stlo"
"1288",1970,25.3,"stlo"
"1289",1976,27,"stlo"
"1290",1980,27.6,"stlo"
"1291",1990,27.2,"stlo"
"1292",1999,26.9,"stlo"
"1293",2000,26.9,"stlo"
"1294",2001,26.6,"stlo"
"1295",2002,26.5,"stlo"
"1296",2003,26.2,"stlo"
"1297",2004,26.2,"stlo"
"1298",2008,26,"stlo"
"1299",2009,25.9,"stlo"
"1300",2010,25.8,"stlo"
"1301",2011,25.9,"stlo"
"1302",2014,25.8,"stlo"
"1303",2016,22.9,"stlo"
"1304",2017,22.8,"stlo"
"1305",1950,16.9,"grea"
"1306",1966,20.8,"grea"
"1307",1970,19.4,"grea"
"1308",1976,18.8,"grea"
"1309",1980,18.7,"grea"
"1310",1990,18.8,"grea"
"1311",1999,14,"grea"
"1312",2000,15,"grea"
"1313",2001,15.2,"grea"
"1314",2002,14.1,"grea"
"1315",2003,14.6,"grea"
"1316",2004,14.6,"grea"
"1317",2006,13.2,"grea"
"1318",2013,13.2,"grea"
"1319",2016,9.2,"grea"
"1320",1950,26.9,"hele"
"1321",1966,24.6,"hele"
"1322",1970,23.4,"hele"
"1323",1976,19.1,"hele"
"1324",1980,16.8,"hele"
"1325",1990,15.6,"hele"
"1326",1999,15.7,"hele"
"1327",2000,13.8,"hele"
"1328",2001,14,"hele"
"1329",2002,13.3,"hele"
"1330",2003,13.3,"hele"
"1331",2004,9.9,"hele"
"1332",2006,11.2,"hele"
"1333",2013,9.9,"hele"
"1334",2016,7.5,"hele"
"1335",1950,7.1,"linc"
"1336",1966,10.9,"linc"
"1337",1970,11.3,"linc"
"1338",1976,12.3,"linc"
"1339",1980,13,"linc"
"1340",1990,15.1,"linc"
"1341",1999,17,"linc"
"1342",2000,17,"linc"
"1343",2001,16.6,"linc"
"1344",2002,16.6,"linc"
"1345",2003,16.6,"linc"
"1346",2004,16.6,"linc"
"1347",2010,16.4,"linc"
"1348",2013,16.4,"linc"
"1349",2016,16.1,"linc"
"1350",1950,23.1,"omah"
"1351",1966,29.3,"omah"
"1352",1970,30.5,"omah"
"1353",1976,27.8,"omah"
"1354",1980,28.6,"omah"
"1355",1990,25.8,"omah"
"1356",1999,26.1,"omah"
"1357",2000,26.6,"omah"
"1358",2001,25.8,"omah"
"1359",2002,25.8,"omah"
"1360",2003,26.1,"omah"
"1361",2004,27.6,"omah"
"1362",2013,25.7,"omah"
"1363",2016,24,"omah"
"1364",1999,30,"lasv"
"1365",2000,30,"lasv"
"1366",2001,32,"lasv"
"1367",2002,31.4,"lasv"
"1368",2003,31,"lasv"
"1369",2004,33,"lasv"
"1370",2013,36.9,"lasv"
"1371",2016,35.6,"lasv"
"1372",1950,17.8,"reno"
"1373",1966,17.6,"reno"
"1374",1970,16.6,"reno"
"1375",1976,17.3,"reno"
"1376",1980,17,"reno"
"1377",1990,14.2,"reno"
"1378",1999,12.3,"reno"
"1379",2000,12.3,"reno"
"1380",2001,20,"reno"
"1381",2002,20,"reno"
"1382",2003,20,"reno"
"1383",2004,15.1,"reno"
"1384",2010,15.9,"reno"
"1385",2014,15.9,"reno"
"1386",2017,14.9,"reno"
"1387",1950,36.7,"manc"
"1388",1966,38.2,"manc"
"1389",1970,39.6,"manc"
"1390",1976,34.1,"manc"
"1391",1980,34.5,"manc"
"1392",1990,27.3,"manc"
"1393",1999,28.2,"manc"
"1394",2000,28.9,"manc"
"1395",2001,27.1,"manc"
"1396",2002,27.3,"manc"
"1397",2003,25.7,"manc"
"1398",2004,25.7,"manc"
"1399",2010,23.6,"manc"
"1400",2013,23.5,"manc"
"1401",2016,24.3,"manc"
"1402",1950,21.6,"camd"
"1403",1959,33.1,"camd"
"1404",1964,27.4,"camd"
"1405",1970,30.5,"camd"
"1406",1976,28.7,"camd"
"1407",1980,31,"camd"
"1408",1990,31.8,"camd"
"1409",1999,32.4,"camd"
"1410",2000,33.3,"camd"
"1411",2001,33.1,"camd"
"1412",2002,33.5,"camd"
"1413",2003,33.7,"camd"
"1414",2004,34,"camd"
"1415",2006,33.8,"camd"
"1416",2013,35.5,"camd"
"1417",2016,35.2,"camd"
"1418",1990,45.4,"metu"
"1419",1999,41.5,"metu"
"1420",2000,41.2,"metu"
"1421",2001,41.7,"metu"
"1422",2002,35.1,"metu"
"1423",2003,42,"metu"
"1424",2004,42,"metu"
"1425",2012,42,"metu"
"1426",2013,42,"metu"
"1427",2016,46,"metu"
"1428",1950,44.3,"newa"
"1429",1966,52.3,"newa"
"1430",1968,53.6,"newa"
"1431",1976,47.8,"newa"
"1432",1980,50.4,"newa"
"1433",1990,48.7,"newa"
"1434",1999,49.8,"newa"
"1435",2000,49.5,"newa"
"1436",2001,49.7,"newa"
"1437",2002,47,"newa"
"1438",2003,47,"newa"
"1439",2004,46.5,"newa"
"1440",2009,47,"newa"
"1441",2012,46.2,"newa"
"1442",2013,46.2,"newa"
"1443",2016,46.2,"newa"
"1444",1950,31.9,"pate"
"1445",1966,38.2,"pate"
"1446",1968,34.7,"pate"
"1447",1976,25.5,"pate"
"1448",1980,20.9,"pate"
"1449",1990,36.4,"pate"
"1450",1999,37.3,"pate"
"1451",2000,37.3,"pate"
"1452",2001,37.3,"pate"
"1453",2002,37.3,"pate"
"1454",2003,37.4,"pate"
"1455",2004,37.4,"pate"
"1456",2013,37.3,"pate"
"1457",2016,37.1,"pate"
"1458",1950,32.6,"tren"
"1459",1966,32.7,"tren"
"1460",1970,33.3,"tren"
"1461",1976,33.3,"tren"
"1462",1980,33.3,"tren"
"1463",1990,35.6,"tren"
"1464",1999,39.9,"tren"
"1465",2000,39.9,"tren"
"1466",2001,36.8,"tren"
"1467",2002,39,"tren"
"1468",2003,40.1,"tren"
"1469",2004,39,"tren"
"1470",2010,40.3,"tren"
"1471",2014,40.8,"tren"
"1472",2017,43.2,"tren"
"1473",1990,32.5,"lasc"
"1474",1999,28.8,"lasc"
"1475",2000,26.2,"lasc"
"1476",2001,27.4,"lasc"
"1477",2002,27.4,"lasc"
"1478",2003,27.4,"lasc"
"1479",2004,26.6,"lasc"
"1480",2010,26.4,"lasc"
"1481",2013,26.2,"lasc"
"1482",2016,42.1,"lasc"
"1483",1950,45.6,"snfe"
"1484",1966,38.4,"snfe"
"1485",1976,37.5,"snfe"
"1486",1980,39.5,"snfe"
"1487",1990,35.7,"snfe"
"1488",1999,24.6,"snfe"
"1489",2000,26.4,"snfe"
"1490",2001,26.7,"snfe"
"1491",2002,26.5,"snfe"
"1492",2003,27.7,"snfe"
"1493",2004,20.2,"snfe"
"1494",2010,22,"snfe"
"1495",2014,22,"snfe"
"1496",2017,25,"snfe"
"1497",1950,30,"albn"
"1498",1959,34.7,"albn"
"1499",1965,34.3,"albn"
"1500",1968,32.3,"albn"
"1501",1976,28.8,"albn"
"1502",1980,27.6,"albn"
"1503",1990,38,"albn"
"1504",1999,30.1,"albn"
"1505",2000,30.1,"albn"
"1506",2001,29.6,"albn"
"1507",2002,29.8,"albn"
"1508",2003,29.8,"albn"
"1509",2004,29.8,"albn"
"1510",2006,29.8,"albn"
"1511",2012,24.5,"albn"
"1512",2015,24.4,"albn"
"1513",2018,21.6,"albn"
"1514",1950,27.2,"broo"
"1515",1959,33.8,"broo"
"1516",1966,35.7,"broo"
"1517",1970,33.6,"broo"
"1518",1976,26.4,"broo"
"1519",1980,33.2,"broo"
"1520",1990,36.2,"broo"
"1521",1999,38.6,"broo"
"1522",2000,38.4,"broo"
"1523",2001,38.7,"broo"
"1524",2002,38.7,"broo"
"1525",2003,38.9,"broo"
"1526",2004,38.9,"broo"
"1527",2006,33,"broo"
"1528",2010,29.9,"broo"
"1529",2012,32.1,"broo"
"1530",2015,31.8,"broo"
"1531",2018,30.2,"broo"
"1532",1950,49,"buff"
"1533",1959,50.1,"buff"
"1534",1966,50.6,"buff"
"1535",1968,50.4,"buff"
"1536",1976,52.7,"buff"
"1537",1980,46.6,"buff"
"1538",1990,49.6,"buff"
"1539",1999,46.7,"buff"
"1540",2000,46.7,"buff"
"1541",2001,46.7,"buff"
"1542",2002,44.8,"buff"
"1543",2003,44.8,"buff"
"1544",2004,44.8,"buff"
"1545",2006,44.3,"buff"
"1546",2010,44.2,"buff"
"1547",2012,44.2,"buff"
"1548",2015,47.5,"buff"
"1549",2018,47.6,"buff"
"1550",1950,25.7,"newy"
"1551",1962,33.4,"newy"
"1552",1970,33.6,"newy"
"1553",1976,36.5,"newy"
"1554",1980,36.5,"newy"
"1555",1990,43.5,"newy"
"1556",1999,45.1,"newy"
"1557",2000,45.6,"newy"
"1558",2001,45.3,"newy"
"1559",2002,45,"newy"
"1560",2003,45,"newy"
"1561",2004,45,"newy"
"1562",2009,45,"newy"
"1563",2013,45,"newy"
"1564",2016,45,"newy"
"1565",1949,35.9,"ogde"
"1566",1966,42.7,"ogde"
"1567",1970,43.4,"ogde"
"1568",1976,44.9,"ogde"
"1569",1980,42,"ogde"
"1570",1990,42.8,"ogde"
"1571",1999,31.6,"ogde"
"1572",2000,31.9,"ogde"
"1573",2001,31.7,"ogde"
"1574",2002,31.1,"ogde"
"1575",2003,31.1,"ogde"
"1576",2004,31.1,"ogde"
"1577",2013,23.8,"ogde"
"1578",2016,18.9,"ogde"
"1579",1950,32.8,"roch"
"1580",1966,37.2,"roch"
"1581",1970,37.3,"roch"
"1582",1976,24.9,"roch"
"1583",1980,25.2,"roch"
"1584",1990,27.6,"roch"
"1585",1999,22.8,"roch"
"1586",2000,18.8,"roch"
"1587",2001,23,"roch"
"1588",2002,22.8,"roch"
"1589",2003,22.9,"roch"
"1590",2004,23,"roch"
"1591",2010,22.7,"roch"
"1592",2011,22.7,"roch"
"1593",2014,22.8,"roch"
"1594",2017,24.4,"roch"
"1595",1950,31.8,"syra"
"1596",1966,35,"syra"
"1597",1968,35.4,"syra"
"1598",1976,35,"syra"
"1599",1980,31.7,"syra"
"1600",1990,30.7,"syra"
"1601",1999,30.5,"syra"
"1602",2000,30.5,"syra"
"1603",2001,29.4,"syra"
"1604",2002,29.4,"syra"
"1605",2003,29.4,"syra"
"1606",2010,21.8,"syra"
"1607",2014,24.1,"syra"
"1608",2017,19.6,"syra"
"1609",1950,98.9,"char"
"1610",1959,98.1,"char"
"1611",1970,98.3,"char"
"1612",1980,94.2,"char"
"1613",1990,89.2,"char"
"1614",1999,88.6,"char"
"1615",2000,88.6,"char"
"1616",2001,88.6,"char"
"1617",2002,69.9,"char"
"1618",2003,69.9,"char"
"1619",2004,69.9,"char"
"1620",2006,70.1,"char"
"1621",2013,69.7,"char"
"1622",2016,63.9,"char"
"1623",1950,0.5,"rale"
"1624",1966,1.1,"rale"
"1625",1970,1.1,"rale"
"1626",1976,1.7,"rale"
"1627",1980,1.6,"rale"
"1628",1990,2.4,"rale"
"1629",1999,3.9,"rale"
"1630",2000,4.2,"rale"
"1631",2001,4.5,"rale"
"1632",2002,4.5,"rale"
"1633",2003,4.6,"rale"
"1634",2004,4.5,"rale"
"1635",2010,4.9,"rale"
"1636",2014,5.1,"rale"
"1637",2017,4.5,"rale"
"1638",1950,21.6,"bism"
"1639",1959,25.8,"bism"
"1640",1966,30.9,"bism"
"1641",1970,30.3,"bism"
"1642",1976,30.1,"bism"
"1643",1980,30.9,"bism"
"1644",1990,26.1,"bism"
"1645",1999,26.3,"bism"
"1646",2000,26.6,"bism"
"1647",2001,26.9,"bism"
"1648",2002,26.5,"bism"
"1649",2003,24.1,"bism"
"1650",2004,24.8,"bism"
"1651",2006,24.1,"bism"
"1652",2010,24.2,"bism"
"1653",2012,24.2,"bism"
"1654",2015,18.8,"bism"
"1655",2018,17.9,"bism"
"1656",1950,18.5,"farg"
"1657",1966,25.9,"farg"
"1658",1970,26.7,"farg"
"1659",1976,26.2,"farg"
"1660",1980,26.1,"farg"
"1661",1990,25.6,"farg"
"1662",1999,25.3,"farg"
"1663",2000,25.3,"farg"
"1664",2001,25.3,"farg"
"1665",2002,25.5,"farg"
"1666",2003,23.4,"farg"
"1667",2004,22.5,"farg"
"1668",2006,21.8,"farg"
"1669",2013,18.3,"farg"
"1670",2016,17.3,"farg"
"1671",1950,18.7,"cinc"
"1672",1966,20.6,"cinc"
"1673",1970,20.3,"cinc"
"1674",1976,19.1,"cinc"
"1675",1980,18.8,"cinc"
"1676",1990,19.3,"cinc"
"1677",1999,18.9,"cinc"
"1678",2000,17.5,"cinc"
"1679",2001,18.3,"cinc"
"1680",2002,17.6,"cinc"
"1681",2003,17.6,"cinc"
"1682",2004,17.4,"cinc"
"1683",2006,16.8,"cinc"
"1684",2013,15.3,"cinc"
"1685",2016,15.1,"cinc"
"1686",1950,23.9,"clev"
"1687",1966,31.5,"clev"
"1688",1970,29.1,"clev"
"1689",1976,32.1,"clev"
"1690",1980,35.5,"clev"
"1691",1990,28.7,"clev"
"1692",1999,29.3,"clev"
"1693",2000,29.2,"clev"
"1694",2001,29,"clev"
"1695",2002,28.7,"clev"
"1696",2003,28.6,"clev"
"1697",2004,28.5,"clev"
"1698",2006,28,"clev"
"1699",2013,26,"clev"
"1700",2016,24.6,"clev"
"1701",1950,7.9,"colu"
"1702",1966,10.2,"colu"
"1703",1970,9.9,"colu"
"1704",1976,10.7,"colu"
"1705",1980,10.8,"colu"
"1706",1990,10,"colu"
"1707",1999,8.6,"colu"
"1708",2000,9,"colu"
"1709",2001,8.9,"colu"
"1710",2002,8.6,"colu"
"1711",2003,9.9,"colu"
"1712",2004,10,"colu"
"1713",2006,10.3,"colu"
"1714",2013,10.2,"colu"
"1715",2016,10.2,"colu"
"1716",1950,12.4,"steu"
"1717",1966,10.7,"steu"
"1718",1970,11,"steu"
"1719",1976,10.6,"steu"
"1720",1980,9.8,"steu"
"1721",1990,9.1,"steu"
"1722",1999,8,"steu"
"1723",2000,7.7,"steu"
"1724",2001,7.8,"steu"
"1725",2002,7.9,"steu"
"1726",2003,7.9,"steu"
"1727",2004,7.9,"steu"
"1728",2010,7.2,"steu"
"1729",2014,7.2,"steu"
"1730",2017,6.8,"steu"
"1731",1950,19.1,"tole"
"1732",1966,21.2,"tole"
"1733",1968,22.3,"tole"
"1734",1976,23.4,"tole"
"1735",1980,24.2,"tole"
"1736",1990,22.4,"tole"
"1737",1999,23,"tole"
"1738",2000,22.7,"tole"
"1739",2001,22,"tole"
"1740",2002,21.2,"tole"
"1741",2003,21,"tole"
"1742",2004,20,"tole"
"1743",2010,22,"tole"
"1744",2014,21.7,"tole"
"1745",2017,22.7,"tole"
"1746",1950,16.6,"youn"
"1747",1966,25.1,"youn"
"1748",1970,22.9,"youn"
"1749",1976,23.1,"youn"
"1750",1980,21.9,"youn"
"1751",1990,22.4,"youn"
"1752",1999,21,"youn"
"1753",2000,21,"youn"
"1754",2001,21.5,"youn"
"1755",2002,20,"youn"
"1756",2003,19.6,"youn"
"1757",2004,19.2,"youn"
"1758",2010,19.1,"youn"
"1759",2014,19.1,"youn"
"1760",2017,14.6,"youn"
"1761",1950,2.7,"okla"
"1762",1966,4.7,"okla"
"1763",1970,4.6,"okla"
"1764",1976,4.6,"okla"
"1765",1980,4.1,"okla"
"1766",1990,4.2,"okla"
"1767",1999,4.6,"okla"
"1768",2000,4.5,"okla"
"1769",2001,4.4,"okla"
"1770",2002,4.5,"okla"
"1771",2003,4.5,"okla"
"1772",2004,4.3,"okla"
"1773",2013,4.3,"okla"
"1774",2016,4.4,"okla"
"1775",1976,3.5,"tuls"
"1776",1980,3.5,"tuls"
"1777",1990,4.1,"tuls"
"1778",1999,3.9,"tuls"
"1779",2000,3.8,"tuls"
"1780",2001,4.2,"tuls"
"1781",2002,3.9,"tuls"
"1782",2003,3.8,"tuls"
"1783",2004,3.7,"tuls"
"1784",2010,3.5,"tuls"
"1785",2014,3.5,"tuls"
"1786",2016,3.4,"tuls"
"1787",2017,3.3,"tuls"
"1788",1950,6,"bake"
"1789",1959,7.2,"bake"
"1790",1966,9,"bake"
"1791",1976,8,"bake"
"1792",1980,8.4,"bake"
"1793",1990,7.4,"bake"
"1794",1999,8.5,"bake"
"1795",2000,9.4,"bake"
"1796",2001,8.4,"bake"
"1797",2002,8.7,"bake"
"1798",2003,8.6,"bake"
"1799",2004,8.7,"bake"
"1800",2006,8.2,"bake"
"1801",2010,7.4,"bake"
"1802",2012,6.7,"bake"
"1803",2015,7,"bake"
"1804",1966,26.4,"alle"
"1805",1970,26.4,"alle"
"1806",1976,26.1,"alle"
"1807",1980,26.1,"alle"
"1808",1990,23.4,"alle"
"1809",1999,24,"alle"
"1810",2000,24.4,"alle"
"1811",2001,24,"alle"
"1812",2002,23.3,"alle"
"1813",2003,23.5,"alle"
"1814",2004,23.5,"alle"
"1815",2006,23.5,"alle"
"1816",2012,23.3,"alle"
"1817",2015,23.3,"alle"
"1818",1950,21.9,"alto"
"1819",1959,24.5,"alto"
"1820",1966,23.1,"alto"
"1821",1970,23.4,"alto"
"1822",1976,23.2,"alto"
"1823",1980,24.9,"alto"
"1824",1990,17.7,"alto"
"1825",1999,17.8,"alto"
"1826",2000,17.8,"alto"
"1827",2001,17.2,"alto"
"1828",2002,17.4,"alto"
"1829",2003,17.1,"alto"
"1830",2004,16.8,"alto"
"1831",2006,16.1,"alto"
"1832",2012,16.2,"alto"
"1833",2015,13,"alto"
"1834",1949,20,"erie"
"1835",1966,25.8,"erie"
"1836",1970,23.9,"erie"
"1837",1976,24.2,"erie"
"1838",1980,25.4,"erie"
"1839",1990,24.4,"erie"
"1840",1999,26.2,"erie"
"1841",2000,26.8,"erie"
"1842",2001,26.6,"erie"
"1843",2002,26,"erie"
"1844",2003,25.8,"erie"
"1845",2004,25.8,"erie"
"1846",2006,25.8,"erie"
"1847",2010,26,"erie"
"1848",2012,25.5,"erie"
"1849",2013,25.6,"erie"
"1850",2016,24,"erie"
"1851",1950,40,"gree"
"1852",1966,43,"gree"
"1853",1970,42.6,"gree"
"1854",1976,44.7,"gree"
"1855",1980,45.2,"gree"
"1856",1990,43.2,"gree"
"1857",1999,43.2,"gree"
"1858",2000,43.9,"gree"
"1859",2001,42,"gree"
"1860",2002,39.5,"gree"
"1861",2003,41,"gree"
"1862",2004,38.5,"gree"
"1863",2006,37,"gree"
"1864",2013,35,"gree"
"1865",2016,34,"gree"
"1866",1950,9.3,"harr"
"1867",1966,12.5,"harr"
"1868",1970,11.9,"harr"
"1869",1976,12,"harr"
"1870",1980,12.9,"harr"
"1871",1990,12.1,"harr"
"1872",1999,12.1,"harr"
"1873",2000,12.3,"harr"
"1874",2001,11.9,"harr"
"1875",2002,12,"harr"
"1876",2003,12.2,"harr"
"1877",2004,12.2,"harr"
"1878",2006,12.2,"harr"
"1879",2013,10.5,"harr"
"1880",2016,10.2,"harr"
"1881",1910,19.4,"phil"
"1882",1950,28.4,"phil"
"1883",1966,35.3,"phil"
"1884",1970,34.7,"phil"
"1885",1976,35.3,"phil"
"1886",1980,38.3,"phil"
"1887",1990,35.4,"phil"
"1888",1999,43.9,"phil"
"1889",2000,38.3,"phil"
"1890",2001,38.6,"phil"
"1891",2002,38.7,"phil"
"1892",2003,38.7,"phil"
"1893",2004,38.4,"phil"
"1894",2010,37.6,"phil"
"1895",2013,36.6,"phil"
"1896",2016,35.3,"phil"
"1897",1950,30.3,"pitt"
"1898",1966,40.1,"pitt"
"1899",1970,39.7,"pitt"
"1900",1976,41.9,"pitt"
"1901",1980,40.2,"pitt"
"1902",1990,38.8,"pitt"
"1903",1999,37.9,"pitt"
"1904",2000,38.4,"pitt"
"1905",2001,38.8,"pitt"
"1906",2002,40.2,"pitt"
"1907",2003,41.3,"pitt"
"1908",2004,41.5,"pitt"
"1909",2013,40.9,"pitt"
"1910",2016,40.9,"pitt"
"1911",1950,33.5,"scra"
"1912",1966,39.4,"scra"
"1913",1970,38.8,"scra"
"1914",1976,38,"scra"
"1915",1980,37.4,"scra"
"1916",1990,34.6,"scra"
"1917",1999,34.4,"scra"
"1918",2000,33.3,"scra"
"1919",2001,32.7,"scra"
"1920",2002,34.2,"scra"
"1921",2003,33.2,"scra"
"1922",2004,32.5,"scra"
"1923",2008,28.9,"scra"
"1924",2010,29.6,"scra"
"1925",2014,31.2,"scra"
"1926",2017,25.2,"scra"
"1927",1950,54.8,"prov"
"1928",1966,63.8,"prov"
"1929",1970,65.8,"prov"
"1930",1976,65,"prov"
"1931",1980,64.7,"prov"
"1932",1990,62.9,"prov"
"1933",1999,63.8,"prov"
"1934",2000,64.4,"prov"
"1935",2001,59.5,"prov"
"1936",2002,61,"prov"
"1937",2003,61.1,"prov"
"1938",2004,63.5,"prov"
"1939",2013,59.9,"prov"
"1940",2016,59.9,"prov"
"1941",1950,27,"rapi"
"1942",1966,22.1,"rapi"
"1943",1970,19.8,"rapi"
"1944",1976,25.7,"rapi"
"1945",1980,20,"rapi"
"1946",1990,15.8,"rapi"
"1947",1999,16.8,"rapi"
"1948",2000,16.2,"rapi"
"1949",2001,15.5,"rapi"
"1950",2002,13.3,"rapi"
"1951",2003,13.2,"rapi"
"1952",2004,13,"rapi"
"1953",2010,12.8,"rapi"
"1954",2014,12.8,"rapi"
"1955",2017,9.6,"rapi"
"1956",1990,1.7,"knox"
"1957",1999,2.2,"knox"
"1958",2000,2.2,"knox"
"1959",2001,2.3,"knox"
"1960",2002,2.3,"knox"
"1961",2003,2.2,"knox"
"1962",2004,2.3,"knox"
"1963",2005,2.4,"knox"
"1964",2006,2.4,"knox"
"1965",2007,2.5,"knox"
"1966",2008,2.6,"knox"
"1967",2009,2.6,"knox"
"1968",2010,2.6,"knox"
"1969",2011,2.7,"knox"
"1970",2012,2.7,"knox"
"1971",2013,2.7,"knox"
"1972",2015,2.8,"knox"
"1973",2016,2.9,"knox"
"1974",2017,3,"knox"
"1975",1976,3.4,"memp"
"1976",1980,3.7,"memp"
"1977",1990,3.8,"memp"
"1978",1999,4.2,"memp"
"1979",2000,4.4,"memp"
"1980",2001,4.5,"memp"
"1981",2002,4.5,"memp"
"1982",2003,4.5,"memp"
"1983",2004,4.5,"memp"
"1984",2013,4.9,"memp"
"1985",2016,4.1,"memp"
"1986",1950,1.2,"nash"
"1987",1966,2.2,"nash"
"1988",1970,2.3,"nash"
"1989",1976,2,"nash"
"1990",1980,2.3,"nash"
"1991",1990,3.2,"nash"
"1992",1999,3.5,"nash"
"1993",2000,3.6,"nash"
"1994",2001,3.7,"nash"
"1995",2002,3.3,"nash"
"1996",2003,3.4,"nash"
"1997",2004,3.4,"nash"
"1998",2013,3.2,"nash"
"1999",2016,3.1,"nash"
"2000",1949,5.7,"amar"
"2001",1958,7,"amar"
"2002",1966,10.3,"amar"
"2003",1976,10.1,"amar"
"2004",1980,11,"amar"
"2005",1990,8.3,"amar"
"2006",1999,11.8,"amar"
"2007",2000,12.2,"amar"
"2008",2001,13.1,"amar"
"2009",2002,13,"amar"
"2010",2003,11.3,"amar"
"2011",2004,10.1,"amar"
"2012",2006,9.4,"amar"
"2013",2012,11.7,"amar"
"2014",2015,10.9,"amar"
"2015",2018,9.5,"amar"
"2016",1950,9.7,"aust"
"2017",1959,13.4,"aust"
"2018",1966,15.8,"aust"
"2019",1970,16.5,"aust"
"2020",1976,14.8,"aust"
"2021",1980,14.4,"aust"
"2022",1990,12.2,"aust"
"2023",1999,18.3,"aust"
"2024",2000,17.3,"aust"
"2025",2001,19.3,"aust"
"2026",2002,19.5,"aust"
"2027",2003,18.4,"aust"
"2028",2004,17.5,"aust"
"2029",2006,17.6,"aust"
"2030",2012,18.5,"aust"
"2031",2015,18.5,"aust"
"2032",2018,18.5,"aust"
"2033",1966,14.7,"beau"
"2034",1970,16,"beau"
"2035",1976,13.2,"beau"
"2036",1980,14,"beau"
"2037",1990,16.1,"beau"
"2038",1999,15.2,"beau"
"2039",2000,15.2,"beau"
"2040",2001,16.2,"beau"
"2041",2002,16,"beau"
"2042",2003,15.9,"beau"
"2043",2004,14.9,"beau"
"2044",2006,13.3,"beau"
"2045",2012,12.6,"beau"
"2046",2015,11.7,"beau"
"2047",1970,57.5,"brow"
"2048",1976,86.8,"brow"
"2049",1980,71.8,"brow"
"2050",1990,78.4,"brow"
"2051",1999,85.3,"brow"
"2052",2000,85,"brow"
"2053",2001,85,"brow"
"2054",2002,85,"brow"
"2055",2003,85,"brow"
"2056",2004,85,"brow"
"2057",2006,85,"brow"
"2058",2012,85,"brow"
"2059",2015,85,"brow"
"2060",1913,70.5,"corp"
"2061",1950,70.3,"corp"
"2062",1966,38.3,"corp"
"2063",1976,38.1,"corp"
"2064",1980,30.1,"corp"
"2065",1990,50.5,"corp"
"2066",1999,42.1,"corp"
"2067",2000,45.1,"corp"
"2068",2001,45.6,"corp"
"2069",2002,45.7,"corp"
"2070",2003,60,"corp"
"2071",2004,70,"corp"
"2072",2006,70,"corp"
"2073",2013,69.5,"corp"
"2074",2016,69.5,"corp"
"2075",1950,2.4,"dall"
"2076",1966,5,"dall"
"2077",1970,5.1,"dall"
"2078",1976,5,"dall"
"2079",1980,6,"dall"
"2080",1990,8.4,"dall"
"2081",1999,18.7,"dall"
"2082",2000,20.2,"dall"
"2083",2001,21.1,"dall"
"2084",2002,26.3,"dall"
"2085",2003,26.3,"dall"
"2086",2004,27.6,"dall"
"2087",2006,27.5,"dall"
"2088",2013,30.3,"dall"
"2089",2015,31.7,"dall"
"2090",2016,32.6,"dall"
"2091",1950,33.8,"elpa"
"2092",1966,32.3,"elpa"
"2093",1970,26.4,"elpa"
"2094",1976,33,"elpa"
"2095",1980,32.6,"elpa"
"2096",1990,66.9,"elpa"
"2097",1999,76.1,"elpa"
"2098",2000,77.2,"elpa"
"2099",2001,78.9,"elpa"
"2100",2002,81.1,"elpa"
"2101",2003,80.8,"elpa"
"2102",2004,80.8,"elpa"
"2103",2006,80.8,"elpa"
"2104",2013,78.5,"elpa"
"2105",2016,78.4,"elpa"
"2106",1950,13.6,"galv"
"2107",1966,13.2,"galv"
"2108",1970,13.4,"galv"
"2109",1976,13.6,"galv"
"2110",1980,14.8,"galv"
"2111",1990,17.3,"galv"
"2112",1999,20.6,"galv"
"2113",2000,20.4,"galv"
"2114",2001,21,"galv"
"2115",2002,20.7,"galv"
"2116",2003,21.4,"galv"
"2117",2004,20.9,"galv"
"2118",2006,19.9,"galv"
"2119",2009,20.2,"galv"
"2120",2012,19.2,"galv"
"2121",2013,18.9,"galv"
"2122",2016,26.4,"galv"
"2123",2000,74.8,"lare"
"2124",2001,76,"lare"
"2125",2002,75.1,"lare"
"2126",2003,75.4,"lare"
"2127",2004,74.5,"lare"
"2128",2013,81.5,"lare"
"2129",2016,91,"lare"
"2130",1990,11,"lubb"
"2131",1999,13.6,"lubb"
"2132",2000,12.3,"lubb"
"2133",2001,12.3,"lubb"
"2134",2002,11.4,"lubb"
"2135",2003,17.9,"lubb"
"2136",2004,17.9,"lubb"
"2137",2013,17.7,"lubb"
"2138",2016,26.6,"lubb"
"2139",1966,9.9,"sang"
"2140",1970,8.6,"sang"
"2141",1976,12,"sang"
"2142",1980,13.8,"sang"
"2143",1990,10.1,"sang"
"2144",1999,11.5,"sang"
"2145",2000,12.1,"sang"
"2146",2001,11.8,"sang"
"2147",2002,12.1,"sang"
"2148",2003,13.1,"sang"
"2149",2004,12.3,"sang"
"2150",2010,14.2,"sang"
"2151",2012,13.8,"sang"
"2152",2014,14.1,"sang"
"2153",2016,10.8,"sang"
"2154",2017,10.7,"sang"
"2155",1950,35.8,"snan"
"2156",1966,41.5,"snan"
"2157",1970,41.4,"snan"
"2158",1976,41.9,"snan"
"2159",1980,41.8,"snan"
"2160",1990,35.8,"snan"
"2161",1999,35.6,"snan"
"2162",2000,34.2,"snan"
"2163",2001,34.9,"snan"
"2164",2002,33.6,"snan"
"2165",2003,32.9,"snan"
"2166",2004,33.7,"snan"
"2167",2010,30.3,"snan"
"2168",2014,29.6,"snan"
"2169",2016,29.1,"snan"
"2170",2017,29.1,"snan"
"2171",1990,2.4,"tyle"
"2172",1999,4.3,"tyle"
"2173",2000,4.4,"tyle"
"2174",2001,4.4,"tyle"
"2175",2002,4.4,"tyle"
"2176",2003,4.3,"tyle"
"2177",2004,4.3,"tyle"
"2178",2010,4.7,"tyle"
"2179",2014,8.1,"tyle"
"2180",2017,8.6,"tyle"
"2181",1990,51.3,"vict"
"2182",1999,42.5,"vict"
"2183",2000,42.5,"vict"
"2184",2001,42.5,"vict"
"2185",2002,41.7,"vict"
"2186",2003,50.9,"vict"
"2187",2004,39.9,"vict"
"2188",2010,40.9,"vict"
"2189",2014,40.9,"vict"
"2190",2017,35.8,"vict"
"2191",1950,3.7,"salt"
"2192",1966,5.2,"salt"
"2193",1970,4.7,"salt"
"2194",1976,4.3,"salt"
"2195",1980,4.4,"salt"
"2196",1990,3.8,"salt"
"2197",1999,3.8,"salt"
"2198",2000,4.9,"salt"
"2199",2001,5,"salt"
"2200",2002,5.4,"salt"
"2201",2003,5.4,"salt"
"2202",2004,6.5,"salt"
"2203",2010,9.1,"salt"
"2204",2014,10,"salt"
"2205",2015,10,"salt"
"2206",2017,10,"salt"
"2207",1950,28,"burl"
"2208",1959,32.3,"burl"
"2209",1966,34.2,"burl"
"2210",1970,32.2,"burl"
"2211",1976,31.8,"burl"
"2212",1980,31.7,"burl"
"2213",1990,26.2,"burl"
"2214",1999,25.1,"burl"
"2215",2000,25.1,"burl"
"2216",2001,24.6,"burl"
"2217",2002,24.4,"burl"
"2218",2003,24.5,"burl"
"2219",2004,24.5,"burl"
"2220",2006,20.8,"burl"
"2221",2012,19,"burl"
"2222",2015,19,"burl"
"2223",1976,12.8,"arli"
"2224",1980,11.6,"arli"
"2225",1990,13.8,"arli"
"2226",1999,15.1,"arli"
"2227",2000,14.7,"arli"
"2228",2001,15.2,"arli"
"2229",2002,15.3,"arli"
"2230",2003,15.9,"arli"
"2231",2004,16.3,"arli"
"2232",2006,15.1,"arli"
"2233",2012,15.2,"arli"
"2234",2015,14.5,"arli"
"2235",1950,2.7,"rich"
"2236",1965,5.3,"rich"
"2237",1970,5.6,"rich"
"2238",1976,3.1,"rich"
"2239",1980,3,"rich"
"2240",1990,2.7,"rich"
"2241",1999,4.2,"rich"
"2242",2000,4.4,"rich"
"2243",2001,4.4,"rich"
"2244",2002,4.4,"rich"
"2245",2003,4.5,"rich"
"2246",2004,4.5,"rich"
"2247",2010,4.7,"rich"
"2248",2014,4.3,"rich"
"2249",2016,4.3,"rich"
"2250",1950,11,"seat"
"2251",1966,13.4,"seat"
"2252",1970,13.2,"seat"
"2253",1976,12.9,"seat"
"2254",1980,12.7,"seat"
"2255",1990,8.9,"seat"
"2256",1999,11.5,"seat"
"2257",2000,19,"seat"
"2258",2001,18.5,"seat"
"2259",2002,18.5,"seat"
"2260",2003,18.3,"seat"
"2261",2004,19,"seat"
"2262",2010,18.7,"seat"
"2263",2013,18.7,"seat"
"2264",2014,18.6,"seat"
"2265",2016,15.7,"seat"
"2266",2017,15.3,"seat"
"2267",1950,11.1,"spok"
"2268",1964,14,"spok"
"2269",1968,13.5,"spok"
"2270",1976,14.7,"spok"
"2271",1980,12.2,"spok"
"2272",1990,12.6,"spok"
"2273",1999,10.9,"spok"
"2274",2000,10.6,"spok"
"2275",2001,10.6,"spok"
"2276",2002,11,"spok"
"2277",2003,9.8,"spok"
"2278",2004,12,"spok"
"2279",2010,13,"spok"
"2280",2014,13,"spok"
"2281",2017,13,"spok"
"2282",1966,13.5,"yaki"
"2283",1976,15,"yaki"
"2284",1980,14.5,"yaki"
"2285",1990,12.6,"yaki"
"2286",1999,14.5,"yaki"
"2287",2000,13.7,"yaki"
"2288",2001,13.6,"yaki"
"2289",2002,15.1,"yaki"
"2290",2003,14.2,"yaki"
"2291",2004,11.4,"yaki"
"2292",2010,12.2,"yaki"
"2293",2014,10.9,"yaki"
"2294",2017,25.1,"yaki"
"2295",1950,3.8,"whee"
"2296",1966,4.8,"whee"
"2297",1970,4.5,"whee"
"2298",1976,5.5,"whee"
"2299",1980,5.6,"whee"
"2300",1990,5,"whee"
"2301",1999,5.4,"whee"
"2302",2000,5.4,"whee"
"2303",2001,3.9,"whee"
"2304",2002,3.9,"whee"
"2305",2003,4.6,"whee"
"2306",2004,5.6,"whee"
"2307",2010,5.9,"whee"
"2308",2014,5.9,"whee"
"2309",2017,6,"whee"
"2310",1950,24.7,"lacr"
"2311",1966,29,"lacr"
"2312",1968,32.2,"lacr"
"2313",1976,29.9,"lacr"
"2314",1980,30.3,"lacr"
"2315",1990,30.1,"lacr"
"2316",1999,26.6,"lacr"
"2317",2000,25.7,"lacr"
"2318",2001,25.2,"lacr"
"2319",2002,25.4,"lacr"
"2320",2003,24,"lacr"
"2321",2004,23.5,"lacr"
"2322",2013,23,"lacr"
"2323",2016,17.9,"lacr"
"2324",1950,19.1,"madi"
"2325",1966,25.2,"madi"
"2326",1970,25,"madi"
"2327",1976,25,"madi"
"2328",1980,25,"madi"
"2329",1990,25,"madi"
"2330",1999,29.5,"madi"
"2331",2000,29.3,"madi"
"2332",2001,29.3,"madi"
"2333",2002,29,"madi"
"2334",2003,27.3,"madi"
"2335",2004,28.4,"madi"
"2336",2013,27.8,"madi"
"2337",2016,27.4,"madi"
"2338",1950,29.4,"milw"
"2339",1966,35.7,"milw"
"2340",1970,34.6,"milw"
"2341",1976,34.8,"milw"
"2342",1980,34.7,"milw"
"2343",1990,30.5,"milw"
"2344",1999,31.7,"milw"
"2345",2000,30.6,"milw"
"2346",2001,30.8,"milw"
"2347",2002,30.8,"milw"
"2348",2003,30.9,"milw"
"2349",2004,32.3,"milw"
"2350",2013,28.4,"milw"
"2351",2016,29.4,"milw"
"2352",1950,20.9,"supe"
"2353",1966,27.3,"supe"
"2354",1970,27.5,"supe"
"2355",1976,26.9,"supe"
"2356",1980,25.6,"supe"
"2357",1990,22.3,"supe"
"2358",1999,22.4,"supe"
"2359",2000,22.2,"supe"
"2360",2001,22.1,"supe"
"2361",2002,20.8,"supe"
"2362",2003,19.6,"supe"
"2363",2004,19.4,"supe"
"2364",2010,17.2,"supe"
"2365",2013,16.6,"supe"
"2366",2014,16.7,"supe"
"2367",2017,14.6,"supe"
"2368",1950,16.7,"chey"
"2369",1959,16.2,"chey"
"2370",1966,14.5,"chey"
"2371",1970,14.1,"chey"
"2372",1976,12.9,"chey"
"2373",1980,13.9,"chey"
"2374",1990,13.5,"chey"
"2375",1999,10.3,"chey"
"2376",2000,10.3,"chey"
"2377",2001,10.2,"chey"
"2378",2002,10.2,"chey"
"2379",2003,9.1,"chey"
"2380",2004,9.6,"chey"
"2381",2006,9.8,"chey"
"2382",2013,9.9,"chey"
"2383",2016,9.2,"chey"
"2384",1966,23.1,"anch"
"2385",1970,25.1,"anch"
"2386",1976,14.3,"anch"
"2387",1980,9.7,"anch"
"2388",1990,9.6,"anch"
"2389",1999,7.5,"anch"
"2390",2000,7.8,"anch"
"2391",2001,8.7,"anch"
"2392",2002,7.9,"anch"
"2393",2003,8,"anch"
"2394",2004,8.6,"anch"
"2395",2006,6.4,"anch"
"2396",2012,7.3,"anch"
"2397",2015,9.2,"anch"
"2398",2018,9.2,"anch"
"2399",1966,35.2,"bato"
"2400",1970,33.3,"bato"
"2401",1976,26.7,"bato"
"2402",1980,27.1,"bato"
"2403",1990,27.7,"bato"
"2404",1999,25.6,"bato"
"2405",2000,26.8,"bato"
"2406",2001,26.3,"bato"
"2407",2002,25.6,"bato"
"2408",2003,25.6,"bato"
"2409",2004,25.4,"bato"
"2410",2006,24.9,"bato"
"2411",2012,24.7,"bato"
"2412",2015,23.8,"bato"
"2413",1950,13.5,"kcks"
"2414",1965,17.3,"kcks"
"2415",1970,17.6,"kcks"
"2416",1976,15.6,"kcks"
"2417",1980,16.7,"kcks"
"2418",1990,17.9,"kcks"
"2419",1999,20,"kcks"
"2420",2000,20,"kcks"
"2421",2001,16.8,"kcks"
"2422",2002,16.8,"kcks"
"2423",2003,16.8,"kcks"
"2424",2004,16,"kcks"
"2425",2005,16.5,"kcks"
"2426",2006,16.5,"kcks"
"2427",2007,16.7,"kcks"
"2428",2008,16.9,"kcks"
"2429",2009,16.2,"kcks"
"2430",2010,16.2,"kcks"
"2431",2011,16.1,"kcks"
"2432",2012,16.1,"kcks"
"2433",2013,16.1,"kcks"
"2434",2015,16.1,"kcks"
"2435",2016,16.1,"kcks"
"2436",2017,16.1,"kcks"
"2437",2018,13.6,"kcks"
